cpse_1,material_code_1,material_description_1,cpse_2,material_code_2,material_description_2,category,semantic_score,attribute_score,lexical_score,hybrid_score,confidence,conflicts,explanation,same_benchmark_group
NTPC,NTP5501,E6013 Welding Electrode 3.15 MM,ONGC,ONG10001,Welding Electrode E6013 Dia 3.15 MM,Welding,1.0,1.0,1.0,1.0,HIGH CONFIDENCE,None,"Strong agreement across semantic, material, size and specification signals. Semantic=1.000, Attribute=1.000, Lexical=1.000.",True
BHEL,BHL1028,Carbon Steel Welding Electrode 3.15mm,SAIL,STL11001,CS Welding Rod E6013 3.15mm,Welding,1.0,1.0,1.0,1.0,HIGH CONFIDENCE,None,"Strong agreement across semantic, material, size and specification signals. Semantic=1.000, Attribute=1.000, Lexical=1.000.",True
NTPC,NTP5521,Stainless Steel Hex Bolt 10mm x 50mm,ONGC,ONG1101,Stainless Steel Bolt M10 by 50,Fastener,1.0,1.0,1.0,1.0,HIGH CONFIDENCE,None,"Strong agreement across semantic, material, size and specification signals. Semantic=1.000, Attribute=1.000, Lexical=1.000.",True
BHEL,BHL1025,Centrifugal Pump 40 m3/hr,ONGC,ONG8802,CI Centrifugal Pump 40 m3 per hour,Pump,1.0,1.0,1.0,1.0,HIGH CONFIDENCE,None,"Strong agreement across semantic, material, size and specification signals. Semantic=1.000, Attribute=1.000, Lexical=1.000.",True
SAIL,STL9002,Centrifugal Pump Capacity 40 M3/Hr,ONGC,ONG8802,CI Centrifugal Pump 40 m3 per hour,Pump,1.0,1.0,1.0,1.0,HIGH CONFIDENCE,None,"Strong agreement across semantic, material, size and specification signals. Semantic=1.000, Attribute=1.000, Lexical=1.000.",True
BHEL,BHL1025,Centrifugal Pump 40 m3/hr,SAIL,STL9002,Centrifugal Pump Capacity 40 M3/Hr,Pump,1.0,1.0,1.0,1.0,HIGH CONFIDENCE,None,"Strong agreement across semantic, material, size and specification signals. Semantic=1.000, Attribute=1.000, Lexical=1.000.",True
NTPC,NTP3301,20 Cubic Meter Per Hour Centrifugal Pump,ONGC,ONG8801,CI Centrifugal Pump 20 Cubic Meter Hour,Pump,1.0,1.0,1.0,1.0,HIGH CONFIDENCE,None,"Strong agreement across semantic, material, size and specification signals. Semantic=1.000, Attribute=1.000, Lexical=1.000.",True
BHEL,BHL1024,Centrifugal Pump 20 m3/hr,NTPC,NTP3301,20 Cubic Meter Per Hour Centrifugal Pump,Pump,1.0,1.0,1.0,1.0,HIGH CONFIDENCE,None,"Strong agreement across semantic, material, size and specification signals. Semantic=1.000, Attribute=1.000, Lexical=1.000.",True
BHEL,BHL1024,Centrifugal Pump 20 m3/hr,ONGC,ONG8801,CI Centrifugal Pump 20 Cubic Meter Hour,Pump,1.0,1.0,1.0,1.0,HIGH CONFIDENCE,None,"Strong agreement across semantic, material, size and specification signals. Semantic=1.000, Attribute=1.000, Lexical=1.000.",True
NTPC,NTP1103,40 NB Galvanized Iron Pipe Medium Grade,ONGC,ONG6603,Galvanised Pipe 40 NB Medium Class,Pipe,1.0,1.0,1.0,1.0,HIGH CONFIDENCE,None,"Strong agreement across semantic, material, size and specification signals. Semantic=1.000, Attribute=1.000, Lexical=1.000.",True
BHEL,BHL1021,GI Pipe 40 NB Medium Class,SAIL,STL7003,GI PIPE DN40 MEDIUM,Pipe,1.0,1.0,1.0,1.0,HIGH CONFIDENCE,None,"Strong agreement across semantic, material, size and specification signals. Semantic=1.000, Attribute=1.000, Lexical=1.000.",True
NTPC,NTP2202,10 HP Three Phase Motor 415 Volt,ONGC,ONG7702,Three Phase Induction Motor 10 HP,Motor,1.0,1.0,1.0,1.0,HIGH CONFIDENCE,None,"Strong agreement across semantic, material, size and specification signals. Semantic=1.000, Attribute=1.000, Lexical=1.000.",True
NTPC,NTP2201,5 HP Three Phase Induction Motor 415 Volt,ONGC,ONG7701,Three Phase Motor 5 HP 415 V,Motor,1.0,1.0,1.0,1.0,HIGH CONFIDENCE,None,"Strong agreement across semantic, material, size and specification signals. Semantic=1.000, Attribute=1.000, Lexical=1.000.",True
NTPC,NTP1102,Stainless Steel Seamless Pipe 25 NB Schedule 10,SAIL,STL7002,SS SEAMLESS PIPE DN25 SCH10,Pipe,1.0,1.0,1.0,1.0,HIGH CONFIDENCE,None,"Strong agreement across semantic, material, size and specification signals. Semantic=1.000, Attribute=1.000, Lexical=1.000.",True
SAIL,STL6003,Copper Cable 4mm2 Flame Retardant Low Smoke,ONGC,ONG5503,FRLS Cu Cable 4 Square MM,Cable,1.0,1.0,1.0,1.0,HIGH CONFIDENCE,None,"Strong agreement across semantic, material, size and specification signals. Semantic=1.000, Attribute=1.000, Lexical=1.000.",True
NTPC,NTP9903,4 Sq MM Copper FRLS Cable,SAIL,STL6003,Copper Cable 4mm2 Flame Retardant Low Smoke,Cable,1.0,1.0,1.0,1.0,HIGH CONFIDENCE,None,"Strong agreement across semantic, material, size and specification signals. Semantic=1.000, Attribute=1.000, Lexical=1.000.",True
NTPC,NTP9903,4 Sq MM Copper FRLS Cable,ONGC,ONG5503,FRLS Cu Cable 4 Square MM,Cable,1.0,1.0,1.0,1.0,HIGH CONFIDENCE,None,"Strong agreement across semantic, material, size and specification signals. Semantic=1.000, Attribute=1.000, Lexical=1.000.",True
BHEL,BHL1017,Aluminium Cable 16 Sqmm,ONGC,ONG5502,16 Square MM Aluminium XLPE Cable,Cable,1.0,1.0,1.0,1.0,HIGH CONFIDENCE,None,"Strong agreement across semantic, material, size and specification signals. Semantic=1.000, Attribute=1.000, Lexical=1.000.",True
BHEL,BHL1017,Aluminium Cable 16 Sqmm,SAIL,STL6002,Aluminium Cable 16mm2 XLPE,Cable,1.0,1.0,1.0,1.0,HIGH CONFIDENCE,None,"Strong agreement across semantic, material, size and specification signals. Semantic=1.000, Attribute=1.000, Lexical=1.000.",True
BHEL,BHL1018,FRLS Copper Cable 4 Sqmm,ONGC,ONG5503,FRLS Cu Cable 4 Square MM,Cable,1.0,1.0,1.0,1.0,HIGH CONFIDENCE,None,"Strong agreement across semantic, material, size and specification signals. Semantic=1.000, Attribute=1.000, Lexical=1.000.",True
BHEL,BHL1018,FRLS Copper Cable 4 Sqmm,SAIL,STL6003,Copper Cable 4mm2 Flame Retardant Low Smoke,Cable,1.0,1.0,1.0,1.0,HIGH CONFIDENCE,None,"Strong agreement across semantic, material, size and specification signals. Semantic=1.000, Attribute=1.000, Lexical=1.000.",True
BHEL,BHL1018,FRLS Copper Cable 4 Sqmm,NTPC,NTP9903,4 Sq MM Copper FRLS Cable,Cable,1.0,1.0,1.0,1.0,HIGH CONFIDENCE,None,"Strong agreement across semantic, material, size and specification signals. Semantic=1.000, Attribute=1.000, Lexical=1.000.",True
SAIL,STL6002,Aluminium Cable 16mm2 XLPE,ONGC,ONG5502,16 Square MM Aluminium XLPE Cable,Cable,1.0,1.0,1.0,1.0,HIGH CONFIDENCE,None,"Strong agreement across semantic, material, size and specification signals. Semantic=1.000, Attribute=1.000, Lexical=1.000.",True
NTPC,NTP9902,16 Sq MM Aluminium Power Cable,ONGC,ONG5502,16 Square MM Aluminium XLPE Cable,Cable,1.0,1.0,1.0,1.0,HIGH CONFIDENCE,None,"Strong agreement across semantic, material, size and specification signals. Semantic=1.000, Attribute=1.000, Lexical=1.000.",True
NTPC,NTP9902,16 Sq MM Aluminium Power Cable,SAIL,STL6002,Aluminium Cable 16mm2 XLPE,Cable,1.0,1.0,1.0,1.0,HIGH CONFIDENCE,None,"Strong agreement across semantic, material, size and specification signals. Semantic=1.000, Attribute=1.000, Lexical=1.000.",True
NTPC,NTP9901,2.5 sq mm Copper Electrical Cable,ONGC,ONG5501,2.5 Square MM Copper Cable,Cable,1.0,1.0,1.0,1.0,HIGH CONFIDENCE,None,"Strong agreement across semantic, material, size and specification signals. Semantic=1.000, Attribute=1.000, Lexical=1.000.",True
NTPC,NTP9901,2.5 sq mm Copper Electrical Cable,SAIL,STL6001,Copper Wire Cable 2.5mm2,Cable,1.0,1.0,1.0,1.0,HIGH CONFIDENCE,None,"Strong agreement across semantic, material, size and specification signals. Semantic=1.000, Attribute=1.000, Lexical=1.000.",True
BHEL,BHL1017,Aluminium Cable 16 Sqmm,NTPC,NTP9902,16 Sq MM Aluminium Power Cable,Cable,1.0,1.0,1.0,1.0,HIGH CONFIDENCE,None,"Strong agreement across semantic, material, size and specification signals. Semantic=1.000, Attribute=1.000, Lexical=1.000.",True
SAIL,STL6001,Copper Wire Cable 2.5mm2,ONGC,ONG5501,2.5 Square MM Copper Cable,Cable,1.0,1.0,1.0,1.0,HIGH CONFIDENCE,None,"Strong agreement across semantic, material, size and specification signals. Semantic=1.000, Attribute=1.000, Lexical=1.000.",True
BHEL,BHL1016,Copper Cable 2.5 Sqmm,ONGC,ONG5501,2.5 Square MM Copper Cable,Cable,1.0,1.0,1.0,1.0,HIGH CONFIDENCE,None,"Strong agreement across semantic, material, size and specification signals. Semantic=1.000, Attribute=1.000, Lexical=1.000.",True
BHEL,BHL1016,Copper Cable 2.5 Sqmm,SAIL,STL6001,Copper Wire Cable 2.5mm2,Cable,1.0,1.0,1.0,1.0,HIGH CONFIDENCE,None,"Strong agreement across semantic, material, size and specification signals. Semantic=1.000, Attribute=1.000, Lexical=1.000.",True
NTPC,NTP8802,100 NB Spiral Wound Graphite Gasket,ONGC,ONG4402,Spiral Wound Gasket 100 NB Graphite,Gasket,1.0,1.0,1.0,1.0,HIGH CONFIDENCE,None,"Strong agreement across semantic, material, size and specification signals. Semantic=1.000, Attribute=1.000, Lexical=1.000.",True
BHEL,BHL1016,Copper Cable 2.5 Sqmm,NTPC,NTP9901,2.5 sq mm Copper Electrical Cable,Cable,1.0,1.0,1.0,1.0,HIGH CONFIDENCE,None,"Strong agreement across semantic, material, size and specification signals. Semantic=1.000, Attribute=1.000, Lexical=1.000.",True
BHEL,BHL1007,Deep Groove Ball Bearing 6206,NTPC,NTP6602,6206 Deep Groove Bearing,Bearing,1.0,1.0,1.0,1.0,HIGH CONFIDENCE,None,"Strong agreement across semantic, material, size and specification signals. Semantic=1.000, Attribute=1.000, Lexical=1.000.",True
SAIL,STL3001,Deep Groove Bearing No 6205,ONGC,ONG2201,Ball Bearing 6205 Deep Groove,Bearing,1.0,1.0,1.0,1.0,HIGH CONFIDENCE,None,"Strong agreement across semantic, material, size and specification signals. Semantic=1.000, Attribute=1.000, Lexical=1.000.",True
BHEL,BHL1002,MS Hex Nut M10,SAIL,STL2046,MS HEX NUT M10,Fastener,1.0,1.0,1.0,1.0,HIGH CONFIDENCE,None,"Strong agreement across semantic, material, size and specification signals. Semantic=1.000, Attribute=1.000, Lexical=1.000.",True
NTPC,NTP8801,50 NB EPDM Gasket,ONGC,ONG4401,EPDM Rubber Gasket Size 50 NB,Gasket,1.0,1.0,1.0,1.0,HIGH CONFIDENCE,None,"Strong agreement across semantic, material, size and specification signals. Semantic=1.000, Attribute=1.000, Lexical=1.000.",True
BHEL,BHL1014,EPDM Rubber Gasket 50 NB,SAIL,STL5001,EPDM GASKET 50NB,Gasket,1.0,1.0,1.0,1.0,HIGH CONFIDENCE,None,"Strong agreement across semantic, material, size and specification signals. Semantic=1.000, Attribute=1.000, Lexical=1.000.",True
SAIL,STL4004,DI Butterfly Valve 100NB PN16,ONGC,ONG3304,Butterfly Valve Size 100 NB Pressure PN16,Valve,1.0,1.0,1.0,1.0,HIGH CONFIDENCE,None,"Strong agreement across semantic, material, size and specification signals. Semantic=1.000, Attribute=1.000, Lexical=1.000.",True
NTPC,NTP7704,100 NB Butterfly Valve PN 16,ONGC,ONG3304,Butterfly Valve Size 100 NB Pressure PN16,Valve,1.0,1.0,1.0,1.0,HIGH CONFIDENCE,None,"Strong agreement across semantic, material, size and specification signals. Semantic=1.000, Attribute=1.000, Lexical=1.000.",True
NTPC,NTP7704,100 NB Butterfly Valve PN 16,SAIL,STL4004,DI Butterfly Valve 100NB PN16,Valve,1.0,1.0,1.0,1.0,HIGH CONFIDENCE,None,"Strong agreement across semantic, material, size and specification signals. Semantic=1.000, Attribute=1.000, Lexical=1.000.",True
BHEL,BHL1013,Butterfly Valve 100 NB PN16,ONGC,ONG3304,Butterfly Valve Size 100 NB Pressure PN16,Valve,1.0,1.0,1.0,1.0,HIGH CONFIDENCE,None,"Strong agreement across semantic, material, size and specification signals. Semantic=1.000, Attribute=1.000, Lexical=1.000.",True
BHEL,BHL1013,Butterfly Valve 100 NB PN16,SAIL,STL4004,DI Butterfly Valve 100NB PN16,Valve,1.0,1.0,1.0,1.0,HIGH CONFIDENCE,None,"Strong agreement across semantic, material, size and specification signals. Semantic=1.000, Attribute=1.000, Lexical=1.000.",True
BHEL,BHL1013,Butterfly Valve 100 NB PN16,NTPC,NTP7704,100 NB Butterfly Valve PN 16,Valve,1.0,1.0,1.0,1.0,HIGH CONFIDENCE,None,"Strong agreement across semantic, material, size and specification signals. Semantic=1.000, Attribute=1.000, Lexical=1.000.",True
BHEL,BHL1012,Globe Valve 25 NB Class 150,SAIL,STL4003,Carbon Steel Globe Valve 25NB Class150,Valve,1.0,1.0,1.0,1.0,HIGH CONFIDENCE,None,"Strong agreement across semantic, material, size and specification signals. Semantic=1.000, Attribute=1.000, Lexical=1.000.",True
NTPC,NTP7702,80 NB Gate Valve CL 150,ONGC,ONG3302,Carbon Steel Gate Valve 80 NB,Valve,1.0,1.0,1.0,1.0,HIGH CONFIDENCE,None,"Strong agreement across semantic, material, size and specification signals. Semantic=1.000, Attribute=1.000, Lexical=1.000.",True
BHEL,BHL1011,Gate Valve 80 NB Class 150,SAIL,STL4002,CS GATE VALVE 80NB CLASS150,Valve,1.0,1.0,1.0,1.0,HIGH CONFIDENCE,None,"Strong agreement across semantic, material, size and specification signals. Semantic=1.000, Attribute=1.000, Lexical=1.000.",True
BHEL,BHL1010,Gate Valve 50 NB Class 150,SAIL,STL4001,CS Gate Valve 50NB CL150,Valve,1.0,1.0,1.0,1.0,HIGH CONFIDENCE,None,"Strong agreement across semantic, material, size and specification signals. Semantic=1.000, Attribute=1.000, Lexical=1.000.",True
SAIL,STL3004,Ball Bearing 6305 Deep Groove,ONGC,ONG2204,Deep Groove Bearing No 6305,Bearing,1.0,1.0,1.0,1.0,HIGH CONFIDENCE,None,"Strong agreement across semantic, material, size and specification signals. Semantic=1.000, Attribute=1.000, Lexical=1.000.",True
NTPC,NTP6604,6305 Deep Groove Bearing,ONGC,ONG2204,Deep Groove Bearing No 6305,Bearing,1.0,1.0,1.0,1.0,HIGH CONFIDENCE,None,"Strong agreement across semantic, material, size and specification signals. Semantic=1.000, Attribute=1.000, Lexical=1.000.",True
NTPC,NTP6604,6305 Deep Groove Bearing,SAIL,STL3004,Ball Bearing 6305 Deep Groove,Bearing,1.0,1.0,1.0,1.0,HIGH CONFIDENCE,None,"Strong agreement across semantic, material, size and specification signals. Semantic=1.000, Attribute=1.000, Lexical=1.000.",True
BHEL,BHL1009,Deep Groove Ball Bearing 6305,ONGC,ONG2204,Deep Groove Bearing No 6305,Bearing,1.0,1.0,1.0,1.0,HIGH CONFIDENCE,None,"Strong agreement across semantic, material, size and specification signals. Semantic=1.000, Attribute=1.000, Lexical=1.000.",True
BHEL,BHL1009,Deep Groove Ball Bearing 6305,SAIL,STL3004,Ball Bearing 6305 Deep Groove,Bearing,1.0,1.0,1.0,1.0,HIGH CONFIDENCE,None,"Strong agreement across semantic, material, size and specification signals. Semantic=1.000, Attribute=1.000, Lexical=1.000.",True
BHEL,BHL1009,Deep Groove Ball Bearing 6305,NTPC,NTP6604,6305 Deep Groove Bearing,Bearing,1.0,1.0,1.0,1.0,HIGH CONFIDENCE,None,"Strong agreement across semantic, material, size and specification signals. Semantic=1.000, Attribute=1.000, Lexical=1.000.",True
SAIL,STL3003,Taper Roller Bearing No 30205,ONGC,ONG2203,Conical Roller Bearing 30205,Bearing,1.0,1.0,1.0,1.0,HIGH CONFIDENCE,None,"Strong agreement across semantic, material, size and specification signals. Semantic=1.000, Attribute=1.000, Lexical=1.000.",True
NTPC,NTP6603,30205 Tapered Roller Bearing,ONGC,ONG2203,Conical Roller Bearing 30205,Bearing,1.0,1.0,1.0,1.0,HIGH CONFIDENCE,None,"Strong agreement across semantic, material, size and specification signals. Semantic=1.000, Attribute=1.000, Lexical=1.000.",True
NTPC,NTP6603,30205 Tapered Roller Bearing,SAIL,STL3003,Taper Roller Bearing No 30205,Bearing,1.0,1.0,1.0,1.0,HIGH CONFIDENCE,None,"Strong agreement across semantic, material, size and specification signals. Semantic=1.000, Attribute=1.000, Lexical=1.000.",True
BHEL,BHL1008,Taper Roller Bearing 30205,ONGC,ONG2203,Conical Roller Bearing 30205,Bearing,1.0,1.0,1.0,1.0,HIGH CONFIDENCE,None,"Strong agreement across semantic, material, size and specification signals. Semantic=1.000, Attribute=1.000, Lexical=1.000.",True
BHEL,BHL1008,Taper Roller Bearing 30205,SAIL,STL3003,Taper Roller Bearing No 30205,Bearing,1.0,1.0,1.0,1.0,HIGH CONFIDENCE,None,"Strong agreement across semantic, material, size and specification signals. Semantic=1.000, Attribute=1.000, Lexical=1.000.",True
BHEL,BHL1008,Taper Roller Bearing 30205,NTPC,NTP6603,30205 Tapered Roller Bearing,Bearing,1.0,1.0,1.0,1.0,HIGH CONFIDENCE,None,"Strong agreement across semantic, material, size and specification signals. Semantic=1.000, Attribute=1.000, Lexical=1.000.",True
SAIL,STL3002,Ball Bearing 6206 Deep Groove,ONGC,ONG2202,Deep Groove Bearing 6206,Bearing,1.0,1.0,1.0,1.0,HIGH CONFIDENCE,None,"Strong agreement across semantic, material, size and specification signals. Semantic=1.000, Attribute=1.000, Lexical=1.000.",True
NTPC,NTP6602,6206 Deep Groove Bearing,ONGC,ONG2202,Deep Groove Bearing 6206,Bearing,1.0,1.0,1.0,1.0,HIGH CONFIDENCE,None,"Strong agreement across semantic, material, size and specification signals. Semantic=1.000, Attribute=1.000, Lexical=1.000.",True
NTPC,NTP6602,6206 Deep Groove Bearing,SAIL,STL3002,Ball Bearing 6206 Deep Groove,Bearing,1.0,1.0,1.0,1.0,HIGH CONFIDENCE,None,"Strong agreement across semantic, material, size and specification signals. Semantic=1.000, Attribute=1.000, Lexical=1.000.",True
BHEL,BHL1007,Deep Groove Ball Bearing 6206,ONGC,ONG2202,Deep Groove Bearing 6206,Bearing,1.0,1.0,1.0,1.0,HIGH CONFIDENCE,None,"Strong agreement across semantic, material, size and specification signals. Semantic=1.000, Attribute=1.000, Lexical=1.000.",True
BHEL,BHL1007,Deep Groove Ball Bearing 6206,SAIL,STL3002,Ball Bearing 6206 Deep Groove,Bearing,1.0,1.0,1.0,1.0,HIGH CONFIDENCE,None,"Strong agreement across semantic, material, size and specification signals. Semantic=1.000, Attribute=1.000, Lexical=1.000.",True
BHEL,BHL1003,SS Flat Washer M10,ONGC,ONG1103,SS Plain Washer M10,Fastener,1.0,1.0,1.0,1.0,HIGH CONFIDENCE,None,"Strong agreement across semantic, material, size and specification signals. Semantic=1.000, Attribute=1.000, Lexical=1.000.",True
BHEL,BHL1003,SS Flat Washer M10,SAIL,STL2047,SS WASHER M10 FLAT,Fastener,1.0,1.0,1.0,1.0,HIGH CONFIDENCE,None,"Strong agreement across semantic, material, size and specification signals. Semantic=1.000, Attribute=1.000, Lexical=1.000.",True
NTPC,NTP6601,6205 Ball Bearing Deep Groove,SAIL,STL3001,Deep Groove Bearing No 6205,Bearing,1.0,1.0,1.0,1.0,HIGH CONFIDENCE,None,"Strong agreement across semantic, material, size and specification signals. Semantic=1.000, Attribute=1.000, Lexical=1.000.",True
NTPC,NTP6601,6205 Ball Bearing Deep Groove,ONGC,ONG2201,Ball Bearing 6205 Deep Groove,Bearing,1.0,1.0,1.0,1.0,HIGH CONFIDENCE,None,"Strong agreement across semantic, material, size and specification signals. Semantic=1.000, Attribute=1.000, Lexical=1.000.",True
NTPC,NTP5525,Galvanized Hexagonal Bolt 12mm x 75mm,ONGC,ONG1105,Galvanised Steel Bolt M12 75mm,Fastener,1.0,1.0,1.0,1.0,HIGH CONFIDENCE,None,"Strong agreement across semantic, material, size and specification signals. Semantic=1.000, Attribute=1.000, Lexical=1.000.",True
BHEL,BHL1004,SS Bolt M10 X 60,SAIL,STL2048,SS HEX BOLT M10-60,Fastener,1.0,1.0,1.0,1.0,HIGH CONFIDENCE,None,"Strong agreement across semantic, material, size and specification signals. Semantic=1.000, Attribute=1.000, Lexical=1.000.",True
SAIL,STL2047,SS WASHER M10 FLAT,ONGC,ONG1103,SS Plain Washer M10,Fastener,1.0,1.0,1.0,1.0,HIGH CONFIDENCE,None,"Strong agreement across semantic, material, size and specification signals. Semantic=1.000, Attribute=1.000, Lexical=1.000.",True
BHEL,BHL1030,Safety Helmet ISI Approved,SAIL,STL12001,ISI Safety Helmet Industrial Type,PPE,1.0,1.0,1.0,1.0,HIGH CONFIDENCE,None,"Strong agreement across semantic, material, size and specification signals. Semantic=1.000, Attribute=1.000, Lexical=1.000.",True
BHEL,BHL1006,Deep Groove Ball Bearing 6205,SAIL,STL3001,Deep Groove Bearing No 6205,Bearing,1.0,1.0,1.0,1.0,HIGH CONFIDENCE,None,"Strong agreement across semantic, material, size and specification signals. Semantic=1.000, Attribute=1.000, Lexical=1.000.",True
BHEL,BHL1006,Deep Groove Ball Bearing 6205,NTPC,NTP6601,6205 Ball Bearing Deep Groove,Bearing,1.0,1.0,1.0,1.0,HIGH CONFIDENCE,None,"Strong agreement across semantic, material, size and specification signals. Semantic=1.000, Attribute=1.000, Lexical=1.000.",True
NTPC,NTP5524,Stainless Steel Hex Bolt 10mm x 60mm,ONGC,ONG1104,Stainless Steel Bolt M10 by 60,Fastener,1.0,1.0,1.0,1.0,HIGH CONFIDENCE,None,"Strong agreement across semantic, material, size and specification signals. Semantic=1.000, Attribute=1.000, Lexical=1.000.",True
BHEL,BHL1005,GI Hex Bolt M12 X 75,SAIL,STL2049,GI HEX BOLT M12-75,Fastener,1.0,1.0,1.0,1.0,HIGH CONFIDENCE,None,"Strong agreement across semantic, material, size and specification signals. Semantic=1.000, Attribute=1.000, Lexical=1.000.",True
BHEL,BHL1006,Deep Groove Ball Bearing 6205,ONGC,ONG2201,Ball Bearing 6205 Deep Groove,Bearing,1.0,1.0,1.0,1.0,HIGH CONFIDENCE,None,"Strong agreement across semantic, material, size and specification signals. Semantic=1.000, Attribute=1.000, Lexical=1.000.",True
BHEL,BHL1026,Lithium Grease EP2,SAIL,STL10001,Lithium Grease NLGI 2 EP2,Lubricant,0.9928,0.6667,0.9846,0.8274000287055969,HIGH CONFIDENCE,grade/specification,"Semantic=0.993, Attribute=0.667, Lexical=0.985. Potential difference: grade/specification.",True
BHEL,BHL1006,Deep Groove Ball Bearing 6205,NTPC,NTP6602,6206 Deep Groove Bearing,Bearing,0.9932,0.6667,0.9677,0.8251000046730042,HIGH CONFIDENCE,size,"Semantic=0.993, Attribute=0.667, Lexical=0.968. Potential difference: size.",False
ONGC,ONG2201,Ball Bearing 6205 Deep Groove,BHEL,BHL1007,Deep Groove Ball Bearing 6206,Bearing,0.9932,0.6667,0.9677,0.8251000046730042,HIGH CONFIDENCE,size,"Semantic=0.993, Attribute=0.667, Lexical=0.968. Potential difference: size.",False
ONGC,ONG2201,Ball Bearing 6205 Deep Groove,SAIL,STL3002,Ball Bearing 6206 Deep Groove,Bearing,0.9932,0.6667,0.9677,0.8251000046730042,HIGH CONFIDENCE,size,"Semantic=0.993, Attribute=0.667, Lexical=0.968. Potential difference: size.",False
BHEL,BHL1006,Deep Groove Ball Bearing 6205,SAIL,STL3002,Ball Bearing 6206 Deep Groove,Bearing,0.9932,0.6667,0.9677,0.8251000046730042,HIGH CONFIDENCE,size,"Semantic=0.993, Attribute=0.667, Lexical=0.968. Potential difference: size.",False
BHEL,BHL1006,Deep Groove Ball Bearing 6205,ONGC,ONG2202,Deep Groove Bearing 6206,Bearing,0.9932,0.6667,0.9677,0.8251000046730042,HIGH CONFIDENCE,size,"Semantic=0.993, Attribute=0.667, Lexical=0.968. Potential difference: size.",False
NTPC,NTP6601,6205 Ball Bearing Deep Groove,BHEL,BHL1007,Deep Groove Ball Bearing 6206,Bearing,0.9932,0.6667,0.9677,0.8251000046730042,HIGH CONFIDENCE,size,"Semantic=0.993, Attribute=0.667, Lexical=0.968. Potential difference: size.",False
NTPC,NTP6601,6205 Ball Bearing Deep Groove,ONGC,ONG2202,Deep Groove Bearing 6206,Bearing,0.9932,0.6667,0.9677,0.8251000046730042,HIGH CONFIDENCE,size,"Semantic=0.993, Attribute=0.667, Lexical=0.968. Potential difference: size.",False
NTPC,NTP6601,6205 Ball Bearing Deep Groove,SAIL,STL3002,Ball Bearing 6206 Deep Groove,Bearing,0.9932,0.6667,0.9677,0.8251000046730042,HIGH CONFIDENCE,size,"Semantic=0.993, Attribute=0.667, Lexical=0.968. Potential difference: size.",False
SAIL,STL3001,Deep Groove Bearing No 6205,NTPC,NTP6602,6206 Deep Groove Bearing,Bearing,0.9932,0.6667,0.9677,0.8251000046730042,HIGH CONFIDENCE,size,"Semantic=0.993, Attribute=0.667, Lexical=0.968. Potential difference: size.",False
SAIL,STL3001,Deep Groove Bearing No 6205,BHEL,BHL1007,Deep Groove Ball Bearing 6206,Bearing,0.9932,0.6667,0.9677,0.8251000046730042,HIGH CONFIDENCE,size,"Semantic=0.993, Attribute=0.667, Lexical=0.968. Potential difference: size.",False
SAIL,STL3001,Deep Groove Bearing No 6205,ONGC,ONG2202,Deep Groove Bearing 6206,Bearing,0.9932,0.6667,0.9677,0.8251000046730042,HIGH CONFIDENCE,size,"Semantic=0.993, Attribute=0.667, Lexical=0.968. Potential difference: size.",False
ONGC,ONG2201,Ball Bearing 6205 Deep Groove,NTPC,NTP6602,6206 Deep Groove Bearing,Bearing,0.9932,0.6667,0.9677,0.8251000046730042,HIGH CONFIDENCE,size,"Semantic=0.993, Attribute=0.667, Lexical=0.968. Potential difference: size.",False
BHEL,BHL1001,SS Bolt M10 X 50,SAIL,STL2048,SS HEX BOLT M10-60,Fastener,0.9888,0.6667,0.9773,0.8242999911308289,HIGH CONFIDENCE,size,"Semantic=0.989, Attribute=0.667, Lexical=0.977. Potential difference: size.",False
NTPC,NTP4401,EP2 Lithium Base Grease,ONGC,ONG9901,EP-2 Lithium Grease,Lubricant,0.9923,0.6667,0.9643,0.8241000175476074,HIGH CONFIDENCE,grade/specification,"Semantic=0.992, Attribute=0.667, Lexical=0.964. Potential difference: grade/specification.",True
BHEL,BHL1005,GI Hex Bolt M12 X 75,ONGC,ONG1105,Galvanised Steel Bolt M12 75mm,Fastener,0.9943,0.6667,0.9231,0.8188999891281128,REVIEW REQUIRED,material,"Semantic=0.994, Attribute=0.667, Lexical=0.923. Potential difference: material.",True
NTPC,NTP5525,Galvanized Hexagonal Bolt 12mm x 75mm,SAIL,STL2049,GI HEX BOLT M12-75,Fastener,0.9943,0.6667,0.9231,0.8188999891281128,REVIEW REQUIRED,material,"Semantic=0.994, Attribute=0.667, Lexical=0.923. Potential difference: material.",True
SAIL,STL2049,GI HEX BOLT M12-75,ONGC,ONG1105,Galvanised Steel Bolt M12 75mm,Fastener,0.9943,0.6667,0.9231,0.8188999891281128,REVIEW REQUIRED,material,"Semantic=0.994, Attribute=0.667, Lexical=0.923. Potential difference: material.",True
BHEL,BHL1005,GI Hex Bolt M12 X 75,NTPC,NTP5525,Galvanized Hexagonal Bolt 12mm x 75mm,Fastener,0.9943,0.6667,0.9231,0.8188999891281128,REVIEW REQUIRED,material,"Semantic=0.994, Attribute=0.667, Lexical=0.923. Potential difference: material.",True
ONGC,ONG1101,Stainless Steel Bolt M10 by 50,NTPC,NTP5524,Stainless Steel Hex Bolt 10mm x 60mm,Fastener,0.9792,0.6667,0.9722,0.8187999725341797,REVIEW REQUIRED,size,"Semantic=0.979, Attribute=0.667, Lexical=0.972. Potential difference: size.",False
NTPC,NTP5521,Stainless Steel Hex Bolt 10mm x 50mm,ONGC,ONG1104,Stainless Steel Bolt M10 by 60,Fastener,0.9792,0.6667,0.9722,0.8187999725341797,REVIEW REQUIRED,size,"Semantic=0.979, Attribute=0.667, Lexical=0.972. Potential difference: size.",False
BHEL,BHL1023,Induction Motor 10 HP 415V,SAIL,STL8002,3 PH MOTOR 10HP 415V IE3,Motor,0.9758,0.6667,0.9811,0.8184000253677368,REVIEW REQUIRED,size,"Semantic=0.976, Attribute=0.667, Lexical=0.981. Potential difference: size.",True
BHEL,BHL1021,GI Pipe 40 NB Medium Class,ONGC,ONG6603,Galvanised Pipe 40 NB Medium Class,Pipe,0.9937,0.6667,0.9189,0.8180000185966492,REVIEW REQUIRED,material,"Semantic=0.994, Attribute=0.667, Lexical=0.919. Potential difference: material.",True
NTPC,NTP1103,40 NB Galvanized Iron Pipe Medium Grade,SAIL,STL7003,GI PIPE DN40 MEDIUM,Pipe,0.9937,0.6667,0.9189,0.8180000185966492,REVIEW REQUIRED,material,"Semantic=0.994, Attribute=0.667, Lexical=0.919. Potential difference: material.",True
BHEL,BHL1021,GI Pipe 40 NB Medium Class,NTPC,NTP1103,40 NB Galvanized Iron Pipe Medium Grade,Pipe,0.9937,0.6667,0.9189,0.8180000185966492,REVIEW REQUIRED,material,"Semantic=0.994, Attribute=0.667, Lexical=0.919. Potential difference: material.",True
SAIL,STL7003,GI PIPE DN40 MEDIUM,ONGC,ONG6603,Galvanised Pipe 40 NB Medium Class,Pipe,0.9937,0.6667,0.9189,0.8180000185966492,REVIEW REQUIRED,material,"Semantic=0.994, Attribute=0.667, Lexical=0.919. Potential difference: material.",True
BHEL,BHL1022,Induction Motor 5 HP 415V,SAIL,STL8001,3 PH INDUCTION MOTOR 5HP 415V,Motor,0.975,0.6667,0.9804,0.8179000020027161,REVIEW REQUIRED,size,"Semantic=0.975, Attribute=0.667, Lexical=0.980. Potential difference: size.",True
BHEL,BHL1020,SS Seamless Pipe 25 NB Sch10,SAIL,STL7002,SS SEAMLESS PIPE DN25 SCH10,Pipe,0.9937,0.6667,0.9143,0.817300021648407,REVIEW REQUIRED,material,"Semantic=0.994, Attribute=0.667, Lexical=0.914. Potential difference: material.",True
BHEL,BHL1020,SS Seamless Pipe 25 NB Sch10,NTPC,NTP1102,Stainless Steel Seamless Pipe 25 NB Schedule 10,Pipe,0.9937,0.6667,0.9143,0.817300021648407,REVIEW REQUIRED,material,"Semantic=0.994, Attribute=0.667, Lexical=0.914. Potential difference: material.",True
SAIL,STL4003,Carbon Steel Globe Valve 25NB Class150,ONGC,ONG3303,CS Globe Valve 25 NB 150 Class,Valve,0.9927,0.6667,0.9091,0.8159999847412109,REVIEW REQUIRED,material,"Semantic=0.993, Attribute=0.667, Lexical=0.909. Potential difference: material.",True
BHEL,BHL1012,Globe Valve 25 NB Class 150,ONGC,ONG3303,CS Globe Valve 25 NB 150 Class,Valve,0.9927,0.6667,0.9091,0.8159999847412109,REVIEW REQUIRED,material,"Semantic=0.993, Attribute=0.667, Lexical=0.909. Potential difference: material.",True
SAIL,STL4001,CS Gate Valve 50NB CL150,ONGC,ONG3301,Carbon Steel Gate Valve 50 NB 150 Class,Valve,0.9925,0.6667,0.9091,0.8159000277519226,REVIEW REQUIRED,material,"Semantic=0.992, Attribute=0.667, Lexical=0.909. Potential difference: material.",True
BHEL,BHL1010,Gate Valve 50 NB Class 150,ONGC,ONG3301,Carbon Steel Gate Valve 50 NB 150 Class,Valve,0.9925,0.6667,0.9091,0.8159000277519226,REVIEW REQUIRED,material,"Semantic=0.992, Attribute=0.667, Lexical=0.909. Potential difference: material.",True
SAIL,STL3001,Deep Groove Bearing No 6205,BHEL,BHL1009,Deep Groove Ball Bearing 6305,Bearing,0.9741,0.6667,0.9677,0.815500020980835,REVIEW REQUIRED,size,"Semantic=0.974, Attribute=0.667, Lexical=0.968. Potential difference: size.",False
BHEL,BHL1006,Deep Groove Ball Bearing 6205,NTPC,NTP6604,6305 Deep Groove Bearing,Bearing,0.9741,0.6667,0.9677,0.815500020980835,REVIEW REQUIRED,size,"Semantic=0.974, Attribute=0.667, Lexical=0.968. Potential difference: size.",False
BHEL,BHL1006,Deep Groove Ball Bearing 6205,SAIL,STL3004,Ball Bearing 6305 Deep Groove,Bearing,0.9741,0.6667,0.9677,0.815500020980835,REVIEW REQUIRED,size,"Semantic=0.974, Attribute=0.667, Lexical=0.968. Potential difference: size.",False
BHEL,BHL1006,Deep Groove Ball Bearing 6205,ONGC,ONG2204,Deep Groove Bearing No 6305,Bearing,0.9741,0.6667,0.9677,0.815500020980835,REVIEW REQUIRED,size,"Semantic=0.974, Attribute=0.667, Lexical=0.968. Potential difference: size.",False
ONGC,ONG2201,Ball Bearing 6205 Deep Groove,NTPC,NTP6604,6305 Deep Groove Bearing,Bearing,0.9741,0.6667,0.9677,0.815500020980835,REVIEW REQUIRED,size,"Semantic=0.974, Attribute=0.667, Lexical=0.968. Potential difference: size.",False
NTPC,NTP6601,6205 Ball Bearing Deep Groove,BHEL,BHL1009,Deep Groove Ball Bearing 6305,Bearing,0.9741,0.6667,0.9677,0.815500020980835,REVIEW REQUIRED,size,"Semantic=0.974, Attribute=0.667, Lexical=0.968. Potential difference: size.",False
SAIL,STL3001,Deep Groove Bearing No 6205,ONGC,ONG2204,Deep Groove Bearing No 6305,Bearing,0.9741,0.6667,0.9677,0.815500020980835,REVIEW REQUIRED,size,"Semantic=0.974, Attribute=0.667, Lexical=0.968. Potential difference: size.",False
SAIL,STL3001,Deep Groove Bearing No 6205,NTPC,NTP6604,6305 Deep Groove Bearing,Bearing,0.9741,0.6667,0.9677,0.815500020980835,REVIEW REQUIRED,size,"Semantic=0.974, Attribute=0.667, Lexical=0.968. Potential difference: size.",False
ONGC,ONG2201,Ball Bearing 6205 Deep Groove,BHEL,BHL1009,Deep Groove Ball Bearing 6305,Bearing,0.9741,0.6667,0.9677,0.815500020980835,REVIEW REQUIRED,size,"Semantic=0.974, Attribute=0.667, Lexical=0.968. Potential difference: size.",False
ONGC,ONG2201,Ball Bearing 6205 Deep Groove,SAIL,STL3004,Ball Bearing 6305 Deep Groove,Bearing,0.9741,0.6667,0.9677,0.815500020980835,REVIEW REQUIRED,size,"Semantic=0.974, Attribute=0.667, Lexical=0.968. Potential difference: size.",False
NTPC,NTP6601,6205 Ball Bearing Deep Groove,SAIL,STL3004,Ball Bearing 6305 Deep Groove,Bearing,0.9741,0.6667,0.9677,0.815500020980835,REVIEW REQUIRED,size,"Semantic=0.974, Attribute=0.667, Lexical=0.968. Potential difference: size.",False
NTPC,NTP6601,6205 Ball Bearing Deep Groove,ONGC,ONG2204,Deep Groove Bearing No 6305,Bearing,0.9741,0.6667,0.9677,0.815500020980835,REVIEW REQUIRED,size,"Semantic=0.974, Attribute=0.667, Lexical=0.968. Potential difference: size.",False
BHEL,BHL1010,Gate Valve 50 NB Class 150,SAIL,STL4003,Carbon Steel Globe Valve 25NB Class150,Valve,0.9719,0.6667,0.9722,0.8151000142097473,REVIEW REQUIRED,size,"Semantic=0.972, Attribute=0.667, Lexical=0.972. Potential difference: size.",False
SAIL,STL4001,CS Gate Valve 50NB CL150,BHEL,BHL1012,Globe Valve 25 NB Class 150,Valve,0.9719,0.6667,0.9722,0.8151000142097473,REVIEW REQUIRED,size,"Semantic=0.972, Attribute=0.667, Lexical=0.972. Potential difference: size.",False
NTPC,NTP1101,50 NB Carbon Steel Seamless Pipe Schedule 40,SAIL,STL7001,CS SEAMLESS PIPE DN50 SCH40,Pipe,0.9912,0.6667,0.9062,0.8148999810218811,REVIEW REQUIRED,material,"Semantic=0.991, Attribute=0.667, Lexical=0.906. Potential difference: material.",True
SAIL,STL2046,MS HEX NUT M10,ONGC,ONG1102,Mild Steel Nut Size M10,Fastener,0.9927,0.6667,0.8966,0.8141999840736389,REVIEW REQUIRED,material,"Semantic=0.993, Attribute=0.667, Lexical=0.897. Potential difference: material.",True
BHEL,BHL1002,MS Hex Nut M10,ONGC,ONG1102,Mild Steel Nut Size M10,Fastener,0.9927,0.6667,0.8966,0.8141999840736389,REVIEW REQUIRED,material,"Semantic=0.993, Attribute=0.667, Lexical=0.897. Potential difference: material.",True
BHEL,BHL1029,Stainless Steel Welding Electrode 3.15mm,SAIL,STL11002,SS Welding Electrode E308L 3.15mm,Welding,0.9716,0.6667,0.9663,0.8141000270843506,REVIEW REQUIRED,grade/specification,"Semantic=0.972, Attribute=0.667, Lexical=0.966. Potential difference: grade/specification.",True
BHEL,BHL1027,Industrial Gear Oil 220,NTPC,NTP4402,Gear Lubricating Oil ISO VG 220,Lubricant,0.965,0.6667,0.9859,0.8137000203132629,REVIEW REQUIRED,grade/specification,"Semantic=0.965, Attribute=0.667, Lexical=0.986. Potential difference: grade/specification.",True
BHEL,BHL1023,Induction Motor 10 HP 415V,NTPC,NTP2202,10 HP Three Phase Motor 415 Volt,Motor,0.9961,0.6667,0.88,0.8133999705314636,REVIEW REQUIRED,material,"Semantic=0.996, Attribute=0.667, Lexical=0.880. Potential difference: material.",True
BHEL,BHL1023,Induction Motor 10 HP 415V,ONGC,ONG7702,Three Phase Induction Motor 10 HP,Motor,0.9961,0.6667,0.88,0.8133999705314636,REVIEW REQUIRED,material,"Semantic=0.996, Attribute=0.667, Lexical=0.880. Potential difference: material.",True
BHEL,BHL1022,Induction Motor 5 HP 415V,NTPC,NTP2201,5 HP Three Phase Induction Motor 415 Volt,Motor,0.9958,0.6667,0.875,0.8125,REVIEW REQUIRED,material,"Semantic=0.996, Attribute=0.667, Lexical=0.875. Potential difference: material.",True
BHEL,BHL1022,Induction Motor 5 HP 415V,ONGC,ONG7701,Three Phase Motor 5 HP 415 V,Motor,0.9958,0.6667,0.875,0.8125,REVIEW REQUIRED,material,"Semantic=0.996, Attribute=0.667, Lexical=0.875. Potential difference: material.",True
NTPC,NTP5502,E308L Stainless Steel Welding Rod 3.15 MM,ONGC,ONG10002,Stainless Welding Electrode Dia 3.15 MM,Welding,0.9697,0.6667,0.96,0.8122000098228455,REVIEW REQUIRED,grade/specification,"Semantic=0.970, Attribute=0.667, Lexical=0.960. Potential difference: grade/specification.",True
SAIL,STL4001,CS Gate Valve 50NB CL150,BHEL,BHL1011,Gate Valve 80 NB Class 150,Valve,0.9627,0.6667,0.9722,0.8105000257492065,REVIEW REQUIRED,size,"Semantic=0.963, Attribute=0.667, Lexical=0.972. Potential difference: size.",False
BHEL,BHL1010,Gate Valve 50 NB Class 150,SAIL,STL4002,CS GATE VALVE 80NB CLASS150,Valve,0.9627,0.6667,0.9722,0.8105000257492065,REVIEW REQUIRED,size,"Semantic=0.963, Attribute=0.667, Lexical=0.972. Potential difference: size.",False
BHEL,BHL1026,Lithium Grease EP2,ONGC,ONG9901,EP-2 Lithium Grease,Lubricant,0.9739,0.6667,0.918,0.8080000281333923,REVIEW REQUIRED,material,"Semantic=0.974, Attribute=0.667, Lexical=0.918. Potential difference: material.",True
BHEL,BHL1027,Industrial Gear Oil 220,SAIL,STL10002,Industrial Gear Oil Grade 220,Lubricant,0.955,0.6667,0.973,0.8068000078201294,REVIEW REQUIRED,size,"Semantic=0.955, Attribute=0.667, Lexical=0.973. Potential difference: size.",True
NTPC,NTP3301,20 Cubic Meter Per Hour Centrifugal Pump,SAIL,STL9002,Centrifugal Pump Capacity 40 M3/Hr,Pump,0.9582,0.6667,0.9615,0.8065999746322632,REVIEW REQUIRED,size,"Semantic=0.958, Attribute=0.667, Lexical=0.962. Potential difference: size.",False
NTPC,NTP3301,20 Cubic Meter Per Hour Centrifugal Pump,ONGC,ONG8802,CI Centrifugal Pump 40 m3 per hour,Pump,0.9582,0.6667,0.9615,0.8065999746322632,REVIEW REQUIRED,size,"Semantic=0.958, Attribute=0.667, Lexical=0.962. Potential difference: size.",False
BHEL,BHL1024,Centrifugal Pump 20 m3/hr,ONGC,ONG8802,CI Centrifugal Pump 40 m3 per hour,Pump,0.9582,0.6667,0.9615,0.8065999746322632,REVIEW REQUIRED,size,"Semantic=0.958, Attribute=0.667, Lexical=0.962. Potential difference: size.",False
ONGC,ONG8801,CI Centrifugal Pump 20 Cubic Meter Hour,BHEL,BHL1025,Centrifugal Pump 40 m3/hr,Pump,0.9582,0.6667,0.9615,0.8065999746322632,REVIEW REQUIRED,size,"Semantic=0.958, Attribute=0.667, Lexical=0.962. Potential difference: size.",False
ONGC,ONG8801,CI Centrifugal Pump 20 Cubic Meter Hour,SAIL,STL9002,Centrifugal Pump Capacity 40 M3/Hr,Pump,0.9582,0.6667,0.9615,0.8065999746322632,REVIEW REQUIRED,size,"Semantic=0.958, Attribute=0.667, Lexical=0.962. Potential difference: size.",False
BHEL,BHL1024,Centrifugal Pump 20 m3/hr,SAIL,STL9002,Centrifugal Pump Capacity 40 M3/Hr,Pump,0.9582,0.6667,0.9615,0.8065999746322632,REVIEW REQUIRED,size,"Semantic=0.958, Attribute=0.667, Lexical=0.962. Potential difference: size.",False
NTPC,NTP3301,20 Cubic Meter Per Hour Centrifugal Pump,BHEL,BHL1025,Centrifugal Pump 40 m3/hr,Pump,0.9582,0.6667,0.9615,0.8065999746322632,REVIEW REQUIRED,size,"Semantic=0.958, Attribute=0.667, Lexical=0.962. Potential difference: size.",False
SAIL,STL3002,Ball Bearing 6206 Deep Groove,BHEL,BHL1009,Deep Groove Ball Bearing 6305,Bearing,0.9658,0.6667,0.9355,0.8065000176429749,REVIEW REQUIRED,size,"Semantic=0.966, Attribute=0.667, Lexical=0.935. Potential difference: size.",False
NTPC,NTP6602,6206 Deep Groove Bearing,BHEL,BHL1009,Deep Groove Ball Bearing 6305,Bearing,0.9658,0.6667,0.9355,0.8065000176429749,REVIEW REQUIRED,size,"Semantic=0.966, Attribute=0.667, Lexical=0.935. Potential difference: size.",False
BHEL,BHL1007,Deep Groove Ball Bearing 6206,ONGC,ONG2204,Deep Groove Bearing No 6305,Bearing,0.9658,0.6667,0.9355,0.8065000176429749,REVIEW REQUIRED,size,"Semantic=0.966, Attribute=0.667, Lexical=0.935. Potential difference: size.",False
BHEL,BHL1007,Deep Groove Ball Bearing 6206,NTPC,NTP6604,6305 Deep Groove Bearing,Bearing,0.9658,0.6667,0.9355,0.8065000176429749,REVIEW REQUIRED,size,"Semantic=0.966, Attribute=0.667, Lexical=0.935. Potential difference: size.",False
BHEL,BHL1007,Deep Groove Ball Bearing 6206,SAIL,STL3004,Ball Bearing 6305 Deep Groove,Bearing,0.9658,0.6667,0.9355,0.8065000176429749,REVIEW REQUIRED,size,"Semantic=0.966, Attribute=0.667, Lexical=0.935. Potential difference: size.",False
NTPC,NTP6602,6206 Deep Groove Bearing,SAIL,STL3004,Ball Bearing 6305 Deep Groove,Bearing,0.9658,0.6667,0.9355,0.8065000176429749,REVIEW REQUIRED,size,"Semantic=0.966, Attribute=0.667, Lexical=0.935. Potential difference: size.",False
SAIL,STL3002,Ball Bearing 6206 Deep Groove,NTPC,NTP6604,6305 Deep Groove Bearing,Bearing,0.9658,0.6667,0.9355,0.8065000176429749,REVIEW REQUIRED,size,"Semantic=0.966, Attribute=0.667, Lexical=0.935. Potential difference: size.",False
ONGC,ONG2202,Deep Groove Bearing 6206,BHEL,BHL1009,Deep Groove Ball Bearing 6305,Bearing,0.9658,0.6667,0.9355,0.8065000176429749,REVIEW REQUIRED,size,"Semantic=0.966, Attribute=0.667, Lexical=0.935. Potential difference: size.",False
ONGC,ONG2202,Deep Groove Bearing 6206,NTPC,NTP6604,6305 Deep Groove Bearing,Bearing,0.9658,0.6667,0.9355,0.8065000176429749,REVIEW REQUIRED,size,"Semantic=0.966, Attribute=0.667, Lexical=0.935. Potential difference: size.",False
NTPC,NTP6602,6206 Deep Groove Bearing,ONGC,ONG2204,Deep Groove Bearing No 6305,Bearing,0.9658,0.6667,0.9355,0.8065000176429749,REVIEW REQUIRED,size,"Semantic=0.966, Attribute=0.667, Lexical=0.935. Potential difference: size.",False
SAIL,STL3002,Ball Bearing 6206 Deep Groove,ONGC,ONG2204,Deep Groove Bearing No 6305,Bearing,0.9658,0.6667,0.9355,0.8065000176429749,REVIEW REQUIRED,size,"Semantic=0.966, Attribute=0.667, Lexical=0.935. Potential difference: size.",False
ONGC,ONG2202,Deep Groove Bearing 6206,SAIL,STL3004,Ball Bearing 6305 Deep Groove,Bearing,0.9658,0.6667,0.9355,0.8065000176429749,REVIEW REQUIRED,size,"Semantic=0.966, Attribute=0.667, Lexical=0.935. Potential difference: size.",False
SAIL,STL9001,Centrifugal Pump Capacity 20 M3/Hr,NTPC,NTP3302,40 Cubic Meter Per Hour Centrifugal Pump,Pump,0.9465,0.6667,0.9697,0.8019999861717224,REVIEW REQUIRED,size,"Semantic=0.946, Attribute=0.667, Lexical=0.970. Potential difference: size.",False
SAIL,STL4002,CS GATE VALVE 80NB CLASS150,BHEL,BHL1012,Globe Valve 25 NB Class 150,Valve,0.9515,0.6667,0.9444,0.8007000088691711,REVIEW REQUIRED,size,"Semantic=0.951, Attribute=0.667, Lexical=0.944. Potential difference: size.",False
BHEL,BHL1011,Gate Valve 80 NB Class 150,SAIL,STL4003,Carbon Steel Globe Valve 25NB Class150,Valve,0.9515,0.6667,0.9444,0.8007000088691711,REVIEW REQUIRED,size,"Semantic=0.951, Attribute=0.667, Lexical=0.944. Potential difference: size.",False
NTPC,NTP7701,50 NB Gate Valve Class 150,ONGC,ONG3302,Carbon Steel Gate Valve 80 NB,Valve,0.9452,0.6667,0.9643,0.800599992275238,REVIEW REQUIRED,size,"Semantic=0.945, Attribute=0.667, Lexical=0.964. Potential difference: size.",False
NTPC,NTP3302,40 Cubic Meter Per Hour Centrifugal Pump,ONGC,ONG8802,CI Centrifugal Pump 40 m3 per hour,Pump,0.962,0.6667,0.8814,0.796500027179718,REVIEW REQUIRED,grade/specification,"Semantic=0.962, Attribute=0.667, Lexical=0.881. Potential difference: grade/specification.",True
NTPC,NTP3302,40 Cubic Meter Per Hour Centrifugal Pump,SAIL,STL9002,Centrifugal Pump Capacity 40 M3/Hr,Pump,0.962,0.6667,0.8814,0.796500027179718,REVIEW REQUIRED,grade/specification,"Semantic=0.962, Attribute=0.667, Lexical=0.881. Potential difference: grade/specification.",True
BHEL,BHL1025,Centrifugal Pump 40 m3/hr,NTPC,NTP3302,40 Cubic Meter Per Hour Centrifugal Pump,Pump,0.962,0.6667,0.8814,0.796500027179718,REVIEW REQUIRED,grade/specification,"Semantic=0.962, Attribute=0.667, Lexical=0.881. Potential difference: grade/specification.",True
NTPC,NTP7703,25 NB Globe Valve CL 150,ONGC,ONG3303,CS Globe Valve 25 NB 150 Class,Valve,0.9368,0.6667,0.9655,0.796500027179718,REVIEW REQUIRED,grade/specification,"Semantic=0.937, Attribute=0.667, Lexical=0.966. Potential difference: grade/specification.",True
BHEL,BHL1024,Centrifugal Pump 20 m3/hr,SAIL,STL9001,Centrifugal Pump Capacity 20 M3/Hr,Pump,0.9587,0.6667,0.8814,0.7949000000953674,REVIEW REQUIRED,grade/specification,"Semantic=0.959, Attribute=0.667, Lexical=0.881. Potential difference: grade/specification.",True
NTPC,NTP3301,20 Cubic Meter Per Hour Centrifugal Pump,SAIL,STL9001,Centrifugal Pump Capacity 20 M3/Hr,Pump,0.9587,0.6667,0.8814,0.7949000000953674,REVIEW REQUIRED,grade/specification,"Semantic=0.959, Attribute=0.667, Lexical=0.881. Potential difference: grade/specification.",True
SAIL,STL9001,Centrifugal Pump Capacity 20 M3/Hr,ONGC,ONG8801,CI Centrifugal Pump 20 Cubic Meter Hour,Pump,0.9587,0.6667,0.8814,0.7949000000953674,REVIEW REQUIRED,grade/specification,"Semantic=0.959, Attribute=0.667, Lexical=0.881. Potential difference: grade/specification.",True
BHEL,BHL1015,Spiral Wound Gasket 100 NB,NTPC,NTP8802,100 NB Spiral Wound Graphite Gasket,Gasket,0.9266,0.6667,0.9808,0.7937999963760376,REVIEW REQUIRED,grade/specification,"Semantic=0.927, Attribute=0.667, Lexical=0.981. Potential difference: grade/specification.",True
BHEL,BHL1015,Spiral Wound Gasket 100 NB,ONGC,ONG4402,Spiral Wound Gasket 100 NB Graphite,Gasket,0.9266,0.6667,0.9808,0.7937999963760376,REVIEW REQUIRED,grade/specification,"Semantic=0.927, Attribute=0.667, Lexical=0.981. Potential difference: grade/specification.",True
NTPC,NTP7701,50 NB Gate Valve Class 150,ONGC,ONG3301,Carbon Steel Gate Valve 50 NB 150 Class,Valve,0.9301,0.6667,0.9655,0.7932000160217285,REVIEW REQUIRED,grade/specification,"Semantic=0.930, Attribute=0.667, Lexical=0.966. Potential difference: grade/specification.",True
BHEL,BHL1001,SS Bolt M10 X 50,SAIL,STL2045,SS HEX BOLT M10-50,Fastener,0.9071,0.6667,0.9888,0.7851999998092651,REVIEW REQUIRED,grade/specification,"Semantic=0.907, Attribute=0.667, Lexical=0.989. Potential difference: grade/specification.",True
NTPC,NTP1101,50 NB Carbon Steel Seamless Pipe Schedule 40,ONGC,ONG6601,Carbon Steel Seamless Pipe 50 NB Schedule 40,Pipe,0.9197,0.6667,0.9455,0.7850000262260437,REVIEW REQUIRED,grade/specification,"Semantic=0.920, Attribute=0.667, Lexical=0.945. Potential difference: grade/specification.",True
ONGC,ONG3302,Carbon Steel Gate Valve 80 NB,NTPC,NTP7703,25 NB Globe Valve CL 150,Valve,0.9208,0.6667,0.9286,0.7829999923706055,REVIEW REQUIRED,size,"Semantic=0.921, Attribute=0.667, Lexical=0.929. Potential difference: size.",False
BHEL,BHL1020,SS Seamless Pipe 25 NB Sch10,ONGC,ONG6602,Stainless Steel Pipe 25 NB Schedule 10,Pipe,0.91,0.6667,0.9589,0.7821999788284302,REVIEW REQUIRED,grade/specification,"Semantic=0.910, Attribute=0.667, Lexical=0.959. Potential difference: grade/specification.",True
BHEL,BHL1019,MS Seamless Pipe 50 NB Sch40,SAIL,STL7001,CS SEAMLESS PIPE DN50 SCH40,Pipe,0.9354,0.6667,0.8529,0.7789999842643738,REVIEW REQUIRED,material,"Semantic=0.935, Attribute=0.667, Lexical=0.853. Potential difference: material.",True
SAIL,STL3001,Deep Groove Bearing No 6205,NTPC,NTP6603,30205 Tapered Roller Bearing,Bearing,0.8934,0.6667,0.9524,0.7728999853134155,REVIEW REQUIRED,size,"Semantic=0.893, Attribute=0.667, Lexical=0.952. Potential difference: size.",False
SAIL,STL3001,Deep Groove Bearing No 6205,ONGC,ONG2203,Conical Roller Bearing 30205,Bearing,0.8934,0.6667,0.9524,0.7728999853134155,REVIEW REQUIRED,size,"Semantic=0.893, Attribute=0.667, Lexical=0.952. Potential difference: size.",False
BHEL,BHL1006,Deep Groove Ball Bearing 6205,SAIL,STL3003,Taper Roller Bearing No 30205,Bearing,0.8934,0.6667,0.9524,0.7728999853134155,REVIEW REQUIRED,size,"Semantic=0.893, Attribute=0.667, Lexical=0.952. Potential difference: size.",False
BHEL,BHL1006,Deep Groove Ball Bearing 6205,ONGC,ONG2203,Conical Roller Bearing 30205,Bearing,0.8934,0.6667,0.9524,0.7728999853134155,REVIEW REQUIRED,size,"Semantic=0.893, Attribute=0.667, Lexical=0.952. Potential difference: size.",False
SAIL,STL3001,Deep Groove Bearing No 6205,BHEL,BHL1008,Taper Roller Bearing 30205,Bearing,0.8934,0.6667,0.9524,0.7728999853134155,REVIEW REQUIRED,size,"Semantic=0.893, Attribute=0.667, Lexical=0.952. Potential difference: size.",False
ONGC,ONG2201,Ball Bearing 6205 Deep Groove,NTPC,NTP6603,30205 Tapered Roller Bearing,Bearing,0.8934,0.6667,0.9524,0.7728999853134155,REVIEW REQUIRED,size,"Semantic=0.893, Attribute=0.667, Lexical=0.952. Potential difference: size.",False
ONGC,ONG2201,Ball Bearing 6205 Deep Groove,BHEL,BHL1008,Taper Roller Bearing 30205,Bearing,0.8934,0.6667,0.9524,0.7728999853134155,REVIEW REQUIRED,size,"Semantic=0.893, Attribute=0.667, Lexical=0.952. Potential difference: size.",False
ONGC,ONG2201,Ball Bearing 6205 Deep Groove,SAIL,STL3003,Taper Roller Bearing No 30205,Bearing,0.8934,0.6667,0.9524,0.7728999853134155,REVIEW REQUIRED,size,"Semantic=0.893, Attribute=0.667, Lexical=0.952. Potential difference: size.",False
NTPC,NTP6601,6205 Ball Bearing Deep Groove,BHEL,BHL1008,Taper Roller Bearing 30205,Bearing,0.8934,0.6667,0.9524,0.7728999853134155,REVIEW REQUIRED,size,"Semantic=0.893, Attribute=0.667, Lexical=0.952. Potential difference: size.",False
BHEL,BHL1006,Deep Groove Ball Bearing 6205,NTPC,NTP6603,30205 Tapered Roller Bearing,Bearing,0.8934,0.6667,0.9524,0.7728999853134155,REVIEW REQUIRED,size,"Semantic=0.893, Attribute=0.667, Lexical=0.952. Potential difference: size.",False
NTPC,NTP6601,6205 Ball Bearing Deep Groove,SAIL,STL3003,Taper Roller Bearing No 30205,Bearing,0.8934,0.6667,0.9524,0.7728999853134155,REVIEW REQUIRED,size,"Semantic=0.893, Attribute=0.667, Lexical=0.952. Potential difference: size.",False
NTPC,NTP6601,6205 Ball Bearing Deep Groove,ONGC,ONG2203,Conical Roller Bearing 30205,Bearing,0.8934,0.6667,0.9524,0.7728999853134155,REVIEW REQUIRED,size,"Semantic=0.893, Attribute=0.667, Lexical=0.952. Potential difference: size.",False
ONGC,ONG1101,Stainless Steel Bolt M10 by 50,NTPC,NTP5523,Stainless Steel Plain Washer 10mm,Fastener,0.9043,0.6667,0.9143,0.772599995136261,REVIEW REQUIRED,size,"Semantic=0.904, Attribute=0.667, Lexical=0.914. Potential difference: size.",False
BHEL,BHL1008,Taper Roller Bearing 30205,ONGC,ONG2204,Deep Groove Bearing No 6305,Bearing,0.8905,0.6667,0.9524,0.771399974822998,REVIEW REQUIRED,size,"Semantic=0.891, Attribute=0.667, Lexical=0.952. Potential difference: size.",False
ONGC,ONG2203,Conical Roller Bearing 30205,NTPC,NTP6604,6305 Deep Groove Bearing,Bearing,0.8905,0.6667,0.9524,0.771399974822998,REVIEW REQUIRED,size,"Semantic=0.891, Attribute=0.667, Lexical=0.952. Potential difference: size.",False
NTPC,NTP6603,30205 Tapered Roller Bearing,BHEL,BHL1009,Deep Groove Ball Bearing 6305,Bearing,0.8905,0.6667,0.9524,0.771399974822998,REVIEW REQUIRED,size,"Semantic=0.891, Attribute=0.667, Lexical=0.952. Potential difference: size.",False
BHEL,BHL1008,Taper Roller Bearing 30205,NTPC,NTP6604,6305 Deep Groove Bearing,Bearing,0.8905,0.6667,0.9524,0.771399974822998,REVIEW REQUIRED,size,"Semantic=0.891, Attribute=0.667, Lexical=0.952. Potential difference: size.",False
BHEL,BHL1008,Taper Roller Bearing 30205,SAIL,STL3004,Ball Bearing 6305 Deep Groove,Bearing,0.8905,0.6667,0.9524,0.771399974822998,REVIEW REQUIRED,size,"Semantic=0.891, Attribute=0.667, Lexical=0.952. Potential difference: size.",False
SAIL,STL3003,Taper Roller Bearing No 30205,BHEL,BHL1009,Deep Groove Ball Bearing 6305,Bearing,0.8905,0.6667,0.9524,0.771399974822998,REVIEW REQUIRED,size,"Semantic=0.891, Attribute=0.667, Lexical=0.952. Potential difference: size.",False
SAIL,STL3003,Taper Roller Bearing No 30205,NTPC,NTP6604,6305 Deep Groove Bearing,Bearing,0.8905,0.6667,0.9524,0.771399974822998,REVIEW REQUIRED,size,"Semantic=0.891, Attribute=0.667, Lexical=0.952. Potential difference: size.",False
SAIL,STL3003,Taper Roller Bearing No 30205,ONGC,ONG2204,Deep Groove Bearing No 6305,Bearing,0.8905,0.6667,0.9524,0.771399974822998,REVIEW REQUIRED,size,"Semantic=0.891, Attribute=0.667, Lexical=0.952. Potential difference: size.",False
ONGC,ONG2203,Conical Roller Bearing 30205,BHEL,BHL1009,Deep Groove Ball Bearing 6305,Bearing,0.8905,0.6667,0.9524,0.771399974822998,REVIEW REQUIRED,size,"Semantic=0.891, Attribute=0.667, Lexical=0.952. Potential difference: size.",False
NTPC,NTP6603,30205 Tapered Roller Bearing,ONGC,ONG2204,Deep Groove Bearing No 6305,Bearing,0.8905,0.6667,0.9524,0.771399974822998,REVIEW REQUIRED,size,"Semantic=0.891, Attribute=0.667, Lexical=0.952. Potential difference: size.",False
ONGC,ONG2203,Conical Roller Bearing 30205,SAIL,STL3004,Ball Bearing 6305 Deep Groove,Bearing,0.8905,0.6667,0.9524,0.771399974822998,REVIEW REQUIRED,size,"Semantic=0.891, Attribute=0.667, Lexical=0.952. Potential difference: size.",False
NTPC,NTP6603,30205 Tapered Roller Bearing,SAIL,STL3004,Ball Bearing 6305 Deep Groove,Bearing,0.8905,0.6667,0.9524,0.771399974822998,REVIEW REQUIRED,size,"Semantic=0.891, Attribute=0.667, Lexical=0.952. Potential difference: size.",False
NTPC,NTP5523,Stainless Steel Plain Washer 10mm,ONGC,ONG1104,Stainless Steel Bolt M10 by 60,Fastener,0.8953,0.6667,0.9143,0.7681000232696533,REVIEW REQUIRED,size,"Semantic=0.895, Attribute=0.667, Lexical=0.914. Potential difference: size.",False
BHEL,BHL1014,EPDM Rubber Gasket 50 NB,ONGC,ONG4401,EPDM Rubber Gasket Size 50 NB,Gasket,0.9076,0.6667,0.8627,0.7666000127792358,REVIEW REQUIRED,material,"Semantic=0.908, Attribute=0.667, Lexical=0.863. Potential difference: material.",True
BHEL,BHL1014,EPDM Rubber Gasket 50 NB,NTPC,NTP8801,50 NB EPDM Gasket,Gasket,0.9076,0.6667,0.8627,0.7666000127792358,REVIEW REQUIRED,material,"Semantic=0.908, Attribute=0.667, Lexical=0.863. Potential difference: material.",True
SAIL,STL5001,EPDM GASKET 50NB,ONGC,ONG4401,EPDM Rubber Gasket Size 50 NB,Gasket,0.9076,0.6667,0.8627,0.7666000127792358,REVIEW REQUIRED,material,"Semantic=0.908, Attribute=0.667, Lexical=0.863. Potential difference: material.",True
NTPC,NTP8801,50 NB EPDM Gasket,SAIL,STL5001,EPDM GASKET 50NB,Gasket,0.9076,0.6667,0.8627,0.7666000127792358,REVIEW REQUIRED,material,"Semantic=0.908, Attribute=0.667, Lexical=0.863. Potential difference: material.",True
SAIL,STL3002,Ball Bearing 6206 Deep Groove,ONGC,ONG2203,Conical Roller Bearing 30205,Bearing,0.8801,0.6667,0.9206,0.7615000009536743,REVIEW REQUIRED,size,"Semantic=0.880, Attribute=0.667, Lexical=0.921. Potential difference: size.",False
ONGC,ONG2202,Deep Groove Bearing 6206,SAIL,STL3003,Taper Roller Bearing No 30205,Bearing,0.8801,0.6667,0.9206,0.7615000009536743,REVIEW REQUIRED,size,"Semantic=0.880, Attribute=0.667, Lexical=0.921. Potential difference: size.",False
ONGC,ONG2202,Deep Groove Bearing 6206,NTPC,NTP6603,30205 Tapered Roller Bearing,Bearing,0.8801,0.6667,0.9206,0.7615000009536743,REVIEW REQUIRED,size,"Semantic=0.880, Attribute=0.667, Lexical=0.921. Potential difference: size.",False
ONGC,ONG2202,Deep Groove Bearing 6206,BHEL,BHL1008,Taper Roller Bearing 30205,Bearing,0.8801,0.6667,0.9206,0.7615000009536743,REVIEW REQUIRED,size,"Semantic=0.880, Attribute=0.667, Lexical=0.921. Potential difference: size.",False
NTPC,NTP6602,6206 Deep Groove Bearing,BHEL,BHL1008,Taper Roller Bearing 30205,Bearing,0.8801,0.6667,0.9206,0.7615000009536743,REVIEW REQUIRED,size,"Semantic=0.880, Attribute=0.667, Lexical=0.921. Potential difference: size.",False
NTPC,NTP6602,6206 Deep Groove Bearing,SAIL,STL3003,Taper Roller Bearing No 30205,Bearing,0.8801,0.6667,0.9206,0.7615000009536743,REVIEW REQUIRED,size,"Semantic=0.880, Attribute=0.667, Lexical=0.921. Potential difference: size.",False
NTPC,NTP6602,6206 Deep Groove Bearing,ONGC,ONG2203,Conical Roller Bearing 30205,Bearing,0.8801,0.6667,0.9206,0.7615000009536743,REVIEW REQUIRED,size,"Semantic=0.880, Attribute=0.667, Lexical=0.921. Potential difference: size.",False
SAIL,STL3002,Ball Bearing 6206 Deep Groove,NTPC,NTP6603,30205 Tapered Roller Bearing,Bearing,0.8801,0.6667,0.9206,0.7615000009536743,REVIEW REQUIRED,size,"Semantic=0.880, Attribute=0.667, Lexical=0.921. Potential difference: size.",False
SAIL,STL3002,Ball Bearing 6206 Deep Groove,BHEL,BHL1008,Taper Roller Bearing 30205,Bearing,0.8801,0.6667,0.9206,0.7615000009536743,REVIEW REQUIRED,size,"Semantic=0.880, Attribute=0.667, Lexical=0.921. Potential difference: size.",False
BHEL,BHL1007,Deep Groove Ball Bearing 6206,ONGC,ONG2203,Conical Roller Bearing 30205,Bearing,0.8801,0.6667,0.9206,0.7615000009536743,REVIEW REQUIRED,size,"Semantic=0.880, Attribute=0.667, Lexical=0.921. Potential difference: size.",False
BHEL,BHL1007,Deep Groove Ball Bearing 6206,NTPC,NTP6603,30205 Tapered Roller Bearing,Bearing,0.8801,0.6667,0.9206,0.7615000009536743,REVIEW REQUIRED,size,"Semantic=0.880, Attribute=0.667, Lexical=0.921. Potential difference: size.",False
BHEL,BHL1007,Deep Groove Ball Bearing 6206,SAIL,STL3003,Taper Roller Bearing No 30205,Bearing,0.8801,0.6667,0.9206,0.7615000009536743,REVIEW REQUIRED,size,"Semantic=0.880, Attribute=0.667, Lexical=0.921. Potential difference: size.",False
SAIL,STL2047,SS WASHER M10 FLAT,BHEL,BHL1004,SS Bolt M10 X 60,Fastener,0.8704,0.6667,0.9286,0.7577999830245972,REVIEW REQUIRED,size,"Semantic=0.870, Attribute=0.667, Lexical=0.929. Potential difference: size.",False
ONGC,ONG1103,SS Plain Washer M10,BHEL,BHL1004,SS Bolt M10 X 60,Fastener,0.8704,0.6667,0.9286,0.7577999830245972,REVIEW REQUIRED,size,"Semantic=0.870, Attribute=0.667, Lexical=0.929. Potential difference: size.",False
ONGC,ONG1103,SS Plain Washer M10,SAIL,STL2048,SS HEX BOLT M10-60,Fastener,0.8704,0.6667,0.9286,0.7577999830245972,REVIEW REQUIRED,size,"Semantic=0.870, Attribute=0.667, Lexical=0.929. Potential difference: size.",False
BHEL,BHL1003,SS Flat Washer M10,SAIL,STL2048,SS HEX BOLT M10-60,Fastener,0.8704,0.6667,0.9286,0.7577999830245972,REVIEW REQUIRED,size,"Semantic=0.870, Attribute=0.667, Lexical=0.929. Potential difference: size.",False
BHEL,BHL1001,SS Bolt M10 X 50,ONGC,ONG1103,SS Plain Washer M10,Fastener,0.8692,0.6667,0.9286,0.7572000026702881,REVIEW REQUIRED,size,"Semantic=0.869, Attribute=0.667, Lexical=0.929. Potential difference: size.",False
BHEL,BHL1001,SS Bolt M10 X 50,SAIL,STL2047,SS WASHER M10 FLAT,Fastener,0.8692,0.6667,0.9286,0.7572000026702881,REVIEW REQUIRED,size,"Semantic=0.869, Attribute=0.667, Lexical=0.929. Potential difference: size.",False
NTPC,NTP5522,Mild Steel Hexagonal Nut 10 mm,ONGC,ONG1102,Mild Steel Nut Size M10,Fastener,0.8629,0.6667,0.9259,0.7537000179290771,REVIEW REQUIRED,size,"Semantic=0.863, Attribute=0.667, Lexical=0.926. Potential difference: size.",True
BHEL,BHL1019,MS Seamless Pipe 50 NB Sch40,NTPC,NTP1101,50 NB Carbon Steel Seamless Pipe Schedule 40,Pipe,0.9147,0.6667,0.7419,0.7519999742507935,REVIEW REQUIRED,material,"Semantic=0.915, Attribute=0.667, Lexical=0.742. Potential difference: material.",True
NTPC,NTP6605,Industrial Safety Helmet ISI Marked,ONGC,ONG11001,Industrial Protective Safety Helmet,PPE,0.8378,0.6667,0.8837,0.7347999811172485,REVIEW REQUIRED,grade/specification,"Semantic=0.838, Attribute=0.667, Lexical=0.884. Potential difference: grade/specification.",True
NTPC,NTP4402,Gear Lubricating Oil ISO VG 220,SAIL,STL10002,Industrial Gear Oil Grade 220,Lubricant,0.9856,0.3333,0.9589,0.6032999753952026,LOW CONFIDENCE,"size, grade/specification","Semantic=0.986, Attribute=0.333, Lexical=0.959. Potential difference: size, grade/specification.",True
BHEL,BHL1029,Stainless Steel Welding Electrode 3.15mm,NTPC,NTP5502,E308L Stainless Steel Welding Rod 3.15 MM,Welding,0.9867,0.3333,0.9176,0.597599983215332,LOW CONFIDENCE,"material, size","Semantic=0.987, Attribute=0.333, Lexical=0.918. Potential difference: material, size.",True
SAIL,STL11002,SS Welding Electrode E308L 3.15mm,ONGC,ONG10002,Stainless Welding Electrode Dia 3.15 MM,Welding,0.9868,0.3333,0.9114,0.5968000292778015,LOW CONFIDENCE,"material, size","Semantic=0.987, Attribute=0.333, Lexical=0.911. Potential difference: material, size.",True
NTPC,NTP5501,E6013 Welding Electrode 3.15 MM,SAIL,STL11001,CS Welding Rod E6013 3.15mm,Welding,0.9873,0.3333,0.9041,0.5958999991416931,LOW CONFIDENCE,"material, size","Semantic=0.987, Attribute=0.333, Lexical=0.904. Potential difference: material, size.",True
SAIL,STL11001,CS Welding Rod E6013 3.15mm,ONGC,ONG10001,Welding Electrode E6013 Dia 3.15 MM,Welding,0.9873,0.3333,0.9041,0.5958999991416931,LOW CONFIDENCE,"material, size","Semantic=0.987, Attribute=0.333, Lexical=0.904. Potential difference: material, size.",True
BHEL,BHL1028,Carbon Steel Welding Electrode 3.15mm,ONGC,ONG10001,Welding Electrode E6013 Dia 3.15 MM,Welding,0.9873,0.3333,0.9041,0.5958999991416931,LOW CONFIDENCE,"material, size","Semantic=0.987, Attribute=0.333, Lexical=0.904. Potential difference: material, size.",True
BHEL,BHL1028,Carbon Steel Welding Electrode 3.15mm,NTPC,NTP5501,E6013 Welding Electrode 3.15 MM,Welding,0.9873,0.3333,0.9041,0.5958999991416931,LOW CONFIDENCE,"material, size","Semantic=0.987, Attribute=0.333, Lexical=0.904. Potential difference: material, size.",True
NTPC,NTP4401,EP2 Lithium Base Grease,SAIL,STL10001,Lithium Grease NLGI 2 EP2,Lubricant,0.9738,0.3333,0.9,0.5885999798774719,LOW CONFIDENCE,"material, grade/specification","Semantic=0.974, Attribute=0.333, Lexical=0.900. Potential difference: material, grade/specification.",True
SAIL,STL10001,Lithium Grease NLGI 2 EP2,ONGC,ONG9901,EP-2 Lithium Grease,Lubricant,0.9685,0.3333,0.9,0.5859000086784363,LOW CONFIDENCE,"material, grade/specification","Semantic=0.969, Attribute=0.333, Lexical=0.900. Potential difference: material, grade/specification.",True
BHEL,BHL1026,Lithium Grease EP2,NTPC,NTP4401,EP2 Lithium Base Grease,Lubricant,0.9712,0.3333,0.8852,0.5849999785423279,LOW CONFIDENCE,"material, grade/specification","Semantic=0.971, Attribute=0.333, Lexical=0.885. Potential difference: material, grade/specification.",True
BHEL,BHL1010,Gate Valve 50 NB Class 150,ONGC,ONG3303,CS Globe Valve 25 NB 150 Class,Valve,0.9653,0.3333,0.8788,0.5810999870300293,LOW CONFIDENCE,"material, size","Semantic=0.965, Attribute=0.333, Lexical=0.879. Potential difference: material, size.",False
SAIL,STL4001,CS Gate Valve 50NB CL150,ONGC,ONG3303,CS Globe Valve 25 NB 150 Class,Valve,0.9653,0.3333,0.8788,0.5810999870300293,LOW CONFIDENCE,"material, size","Semantic=0.965, Attribute=0.333, Lexical=0.879. Potential difference: material, size.",False
ONGC,ONG3301,Carbon Steel Gate Valve 50 NB 150 Class,BHEL,BHL1012,Globe Valve 25 NB Class 150,Valve,0.9618,0.3333,0.8788,0.5794000029563904,LOW CONFIDENCE,"material, size","Semantic=0.962, Attribute=0.333, Lexical=0.879. Potential difference: material, size.",False
ONGC,ONG3301,Carbon Steel Gate Valve 50 NB 150 Class,SAIL,STL4003,Carbon Steel Globe Valve 25NB Class150,Valve,0.9618,0.3333,0.8788,0.5794000029563904,LOW CONFIDENCE,"material, size","Semantic=0.962, Attribute=0.333, Lexical=0.879. Potential difference: material, size.",False
SAIL,STL8002,3 PH MOTOR 10HP 415V IE3,ONGC,ONG7702,Three Phase Induction Motor 10 HP,Motor,0.9661,0.3333,0.8571,0.5782999992370605,LOW CONFIDENCE,"material, size","Semantic=0.966, Attribute=0.333, Lexical=0.857. Potential difference: material, size.",True
NTPC,NTP2202,10 HP Three Phase Motor 415 Volt,SAIL,STL8002,3 PH MOTOR 10HP 415V IE3,Motor,0.9661,0.3333,0.8571,0.5782999992370605,LOW CONFIDENCE,"material, size","Semantic=0.966, Attribute=0.333, Lexical=0.857. Potential difference: material, size.",True
SAIL,STL8001,3 PH INDUCTION MOTOR 5HP 415V,ONGC,ONG7701,Three Phase Motor 5 HP 415 V,Motor,0.9652,0.3333,0.8511,0.5769000053405762,LOW CONFIDENCE,"material, size","Semantic=0.965, Attribute=0.333, Lexical=0.851. Potential difference: material, size.",True
NTPC,NTP2201,5 HP Three Phase Induction Motor 415 Volt,SAIL,STL8001,3 PH INDUCTION MOTOR 5HP 415V,Motor,0.9652,0.3333,0.8511,0.5769000053405762,LOW CONFIDENCE,"material, size","Semantic=0.965, Attribute=0.333, Lexical=0.851. Potential difference: material, size.",True
SAIL,STL2045,SS HEX BOLT M10-50,ONGC,ONG1101,Stainless Steel Bolt M10 by 50,Fastener,0.9529,0.3333,0.8889,0.5763999819755554,LOW CONFIDENCE,"material, grade/specification","Semantic=0.953, Attribute=0.333, Lexical=0.889. Potential difference: material, grade/specification.",True
NTPC,NTP5521,Stainless Steel Hex Bolt 10mm x 50mm,SAIL,STL2045,SS HEX BOLT M10-50,Fastener,0.9529,0.3333,0.8889,0.5763999819755554,LOW CONFIDENCE,"material, grade/specification","Semantic=0.953, Attribute=0.333, Lexical=0.889. Potential difference: material, grade/specification.",True
ONGC,ONG3301,Carbon Steel Gate Valve 50 NB 150 Class,SAIL,STL4002,CS GATE VALVE 80NB CLASS150,Valve,0.9536,0.3333,0.8788,0.5752999782562256,LOW CONFIDENCE,"material, size","Semantic=0.954, Attribute=0.333, Lexical=0.879. Potential difference: material, size.",False
ONGC,ONG3301,Carbon Steel Gate Valve 50 NB 150 Class,BHEL,BHL1011,Gate Valve 80 NB Class 150,Valve,0.9536,0.3333,0.8788,0.5752999782562256,LOW CONFIDENCE,"material, size","Semantic=0.954, Attribute=0.333, Lexical=0.879. Potential difference: material, size.",False
BHEL,BHL1015,Spiral Wound Gasket 100 NB,SAIL,STL5002,Spiral Wound Gasket DN100,Gasket,0.9891,0.3333,0.7216,0.5694000124931335,LOW CONFIDENCE,"material, grade/specification","Semantic=0.989, Attribute=0.333, Lexical=0.722. Potential difference: material, grade/specification.",True
SAIL,STL4002,CS GATE VALVE 80NB CLASS150,ONGC,ONG3303,CS Globe Valve 25 NB 150 Class,Valve,0.943,0.3333,0.8485,0.5654000043869019,LOW CONFIDENCE,"material, size","Semantic=0.943, Attribute=0.333, Lexical=0.848. Potential difference: material, size.",False
BHEL,BHL1011,Gate Valve 80 NB Class 150,ONGC,ONG3303,CS Globe Valve 25 NB 150 Class,Valve,0.943,0.3333,0.8485,0.5654000043869019,LOW CONFIDENCE,"material, size","Semantic=0.943, Attribute=0.333, Lexical=0.848. Potential difference: material, size.",False
NTPC,NTP7703,25 NB Globe Valve CL 150,SAIL,STL4003,Carbon Steel Globe Valve 25NB Class150,Valve,0.9319,0.3333,0.875,0.5638999938964844,LOW CONFIDENCE,"material, grade/specification","Semantic=0.932, Attribute=0.333, Lexical=0.875. Potential difference: material, grade/specification.",True
BHEL,BHL1012,Globe Valve 25 NB Class 150,NTPC,NTP7703,25 NB Globe Valve CL 150,Valve,0.9319,0.3333,0.875,0.5638999938964844,LOW CONFIDENCE,"material, grade/specification","Semantic=0.932, Attribute=0.333, Lexical=0.875. Potential difference: material, grade/specification.",True
SAIL,STL2045,SS HEX BOLT M10-50,BHEL,BHL1004,SS Bolt M10 X 60,Fastener,0.9011,0.3333,0.9663,0.5620999932289124,LOW CONFIDENCE,"size, grade/specification","Semantic=0.901, Attribute=0.333, Lexical=0.966. Potential difference: size, grade/specification.",False
NTPC,NTP7701,50 NB Gate Valve Class 150,SAIL,STL4001,CS Gate Valve 50NB CL150,Valve,0.9243,0.3333,0.875,0.5601000189781189,LOW CONFIDENCE,"material, grade/specification","Semantic=0.924, Attribute=0.333, Lexical=0.875. Potential difference: material, grade/specification.",True
BHEL,BHL1010,Gate Valve 50 NB Class 150,NTPC,NTP7701,50 NB Gate Valve Class 150,Valve,0.9243,0.3333,0.875,0.5601000189781189,LOW CONFIDENCE,"material, grade/specification","Semantic=0.924, Attribute=0.333, Lexical=0.875. Potential difference: material, grade/specification.",True
NTPC,NTP7701,50 NB Gate Valve Class 150,ONGC,ONG3303,CS Globe Valve 25 NB 150 Class,Valve,0.9018,0.3333,0.931,0.557200014591217,LOW CONFIDENCE,"size, grade/specification","Semantic=0.902, Attribute=0.333, Lexical=0.931. Potential difference: size, grade/specification.",False
NTPC,NTP7702,80 NB Gate Valve CL 150,SAIL,STL4002,CS GATE VALVE 80NB CLASS150,Valve,0.9181,0.3333,0.875,0.5569999814033508,LOW CONFIDENCE,"material, grade/specification","Semantic=0.918, Attribute=0.333, Lexical=0.875. Potential difference: material, grade/specification.",True
SAIL,STL4002,CS GATE VALVE 80NB CLASS150,ONGC,ONG3302,Carbon Steel Gate Valve 80 NB,Valve,0.9181,0.3333,0.875,0.5569999814033508,LOW CONFIDENCE,"material, grade/specification","Semantic=0.918, Attribute=0.333, Lexical=0.875. Potential difference: material, grade/specification.",True
BHEL,BHL1011,Gate Valve 80 NB Class 150,ONGC,ONG3302,Carbon Steel Gate Valve 80 NB,Valve,0.9181,0.3333,0.875,0.5569999814033508,LOW CONFIDENCE,"material, grade/specification","Semantic=0.918, Attribute=0.333, Lexical=0.875. Potential difference: material, grade/specification.",True
BHEL,BHL1011,Gate Valve 80 NB Class 150,NTPC,NTP7702,80 NB Gate Valve CL 150,Valve,0.9181,0.3333,0.875,0.5569999814033508,LOW CONFIDENCE,"material, grade/specification","Semantic=0.918, Attribute=0.333, Lexical=0.875. Potential difference: material, grade/specification.",True
ONGC,ONG7701,Three Phase Motor 5 HP 415 V,NTPC,NTP2202,10 HP Three Phase Motor 415 Volt,Motor,0.9114,0.3333,0.8889,0.5557000041007996,LOW CONFIDENCE,"size, grade/specification","Semantic=0.911, Attribute=0.333, Lexical=0.889. Potential difference: size, grade/specification.",False
NTPC,NTP2201,5 HP Three Phase Induction Motor 415 Volt,ONGC,ONG7702,Three Phase Induction Motor 10 HP,Motor,0.9114,0.3333,0.8889,0.5557000041007996,LOW CONFIDENCE,"size, grade/specification","Semantic=0.911, Attribute=0.333, Lexical=0.889. Potential difference: size, grade/specification.",False
NTPC,NTP4402,Gear Lubricating Oil ISO VG 220,ONGC,ONG9902,Gear Oil VG 220 Industrial,Lubricant,0.9148,0.3333,0.871,0.5547000169754028,LOW CONFIDENCE,"material, grade/specification","Semantic=0.915, Attribute=0.333, Lexical=0.871. Potential difference: material, grade/specification.",True
SAIL,STL7001,CS SEAMLESS PIPE DN50 SCH40,ONGC,ONG6601,Carbon Steel Seamless Pipe 50 NB Schedule 40,Pipe,0.9194,0.3333,0.8525,0.5541999936103821,LOW CONFIDENCE,"material, grade/specification","Semantic=0.919, Attribute=0.333, Lexical=0.852. Potential difference: material, grade/specification.",True
ONGC,ONG3301,Carbon Steel Gate Valve 50 NB 150 Class,NTPC,NTP7703,25 NB Globe Valve CL 150,Valve,0.8935,0.3333,0.931,0.5530999898910522,LOW CONFIDENCE,"size, grade/specification","Semantic=0.893, Attribute=0.333, Lexical=0.931. Potential difference: size, grade/specification.",False
SAIL,STL9001,Centrifugal Pump Capacity 20 M3/Hr,BHEL,BHL1025,Centrifugal Pump 40 m3/hr,Pump,0.9167,0.3333,0.8475,0.5522000193595886,LOW CONFIDENCE,"size, grade/specification","Semantic=0.917, Attribute=0.333, Lexical=0.847. Potential difference: size, grade/specification.",False
SAIL,STL9001,Centrifugal Pump Capacity 20 M3/Hr,ONGC,ONG8802,CI Centrifugal Pump 40 m3 per hour,Pump,0.9167,0.3333,0.8475,0.5522000193595886,LOW CONFIDENCE,"size, grade/specification","Semantic=0.917, Attribute=0.333, Lexical=0.847. Potential difference: size, grade/specification.",False
ONGC,ONG5501,2.5 Square MM Copper Cable,BHEL,BHL1018,FRLS Copper Cable 4 Sqmm,Cable,0.9049,0.3333,0.8696,0.5494999885559082,LOW CONFIDENCE,"size, grade/specification","Semantic=0.905, Attribute=0.333, Lexical=0.870. Potential difference: size, grade/specification.",False
ONGC,ONG5501,2.5 Square MM Copper Cable,NTPC,NTP9903,4 Sq MM Copper FRLS Cable,Cable,0.9049,0.3333,0.8696,0.5494999885559082,LOW CONFIDENCE,"size, grade/specification","Semantic=0.905, Attribute=0.333, Lexical=0.870. Potential difference: size, grade/specification.",False
ONGC,ONG5501,2.5 Square MM Copper Cable,SAIL,STL6003,Copper Cable 4mm2 Flame Retardant Low Smoke,Cable,0.9049,0.3333,0.8696,0.5494999885559082,LOW CONFIDENCE,"size, grade/specification","Semantic=0.905, Attribute=0.333, Lexical=0.870. Potential difference: size, grade/specification.",False
SAIL,STL6001,Copper Wire Cable 2.5mm2,ONGC,ONG5503,FRLS Cu Cable 4 Square MM,Cable,0.9049,0.3333,0.8696,0.5494999885559082,LOW CONFIDENCE,"size, grade/specification","Semantic=0.905, Attribute=0.333, Lexical=0.870. Potential difference: size, grade/specification.",False
NTPC,NTP9901,2.5 sq mm Copper Electrical Cable,ONGC,ONG5503,FRLS Cu Cable 4 Square MM,Cable,0.9049,0.3333,0.8696,0.5494999885559082,LOW CONFIDENCE,"size, grade/specification","Semantic=0.905, Attribute=0.333, Lexical=0.870. Potential difference: size, grade/specification.",False
SAIL,STL6001,Copper Wire Cable 2.5mm2,BHEL,BHL1018,FRLS Copper Cable 4 Sqmm,Cable,0.9049,0.3333,0.8696,0.5494999885559082,LOW CONFIDENCE,"size, grade/specification","Semantic=0.905, Attribute=0.333, Lexical=0.870. Potential difference: size, grade/specification.",False
SAIL,STL6001,Copper Wire Cable 2.5mm2,NTPC,NTP9903,4 Sq MM Copper FRLS Cable,Cable,0.9049,0.3333,0.8696,0.5494999885559082,LOW CONFIDENCE,"size, grade/specification","Semantic=0.905, Attribute=0.333, Lexical=0.870. Potential difference: size, grade/specification.",False
BHEL,BHL1016,Copper Cable 2.5 Sqmm,SAIL,STL6003,Copper Cable 4mm2 Flame Retardant Low Smoke,Cable,0.9049,0.3333,0.8696,0.5494999885559082,LOW CONFIDENCE,"size, grade/specification","Semantic=0.905, Attribute=0.333, Lexical=0.870. Potential difference: size, grade/specification.",False
BHEL,BHL1016,Copper Cable 2.5 Sqmm,NTPC,NTP9903,4 Sq MM Copper FRLS Cable,Cable,0.9049,0.3333,0.8696,0.5494999885559082,LOW CONFIDENCE,"size, grade/specification","Semantic=0.905, Attribute=0.333, Lexical=0.870. Potential difference: size, grade/specification.",False
BHEL,BHL1016,Copper Cable 2.5 Sqmm,ONGC,ONG5503,FRLS Cu Cable 4 Square MM,Cable,0.9049,0.3333,0.8696,0.5494999885559082,LOW CONFIDENCE,"size, grade/specification","Semantic=0.905, Attribute=0.333, Lexical=0.870. Potential difference: size, grade/specification.",False
NTPC,NTP9901,2.5 sq mm Copper Electrical Cable,BHEL,BHL1018,FRLS Copper Cable 4 Sqmm,Cable,0.9049,0.3333,0.8696,0.5494999885559082,LOW CONFIDENCE,"size, grade/specification","Semantic=0.905, Attribute=0.333, Lexical=0.870. Potential difference: size, grade/specification.",False
NTPC,NTP9901,2.5 sq mm Copper Electrical Cable,SAIL,STL6003,Copper Cable 4mm2 Flame Retardant Low Smoke,Cable,0.9049,0.3333,0.8696,0.5494999885559082,LOW CONFIDENCE,"size, grade/specification","Semantic=0.905, Attribute=0.333, Lexical=0.870. Potential difference: size, grade/specification.",False
BHEL,BHL1004,SS Bolt M10 X 60,ONGC,ONG1104,Stainless Steel Bolt M10 by 60,Fastener,0.8951,0.3333,0.9,0.5491999983787537,LOW CONFIDENCE,"material, grade/specification","Semantic=0.895, Attribute=0.333, Lexical=0.900. Potential difference: material, grade/specification.",True
BHEL,BHL1004,SS Bolt M10 X 60,NTPC,NTP5524,Stainless Steel Hex Bolt 10mm x 60mm,Fastener,0.8951,0.3333,0.9,0.5491999983787537,LOW CONFIDENCE,"material, grade/specification","Semantic=0.895, Attribute=0.333, Lexical=0.900. Potential difference: material, grade/specification.",True
SAIL,STL2048,SS HEX BOLT M10-60,ONGC,ONG1104,Stainless Steel Bolt M10 by 60,Fastener,0.8951,0.3333,0.9,0.5491999983787537,LOW CONFIDENCE,"material, grade/specification","Semantic=0.895, Attribute=0.333, Lexical=0.900. Potential difference: material, grade/specification.",True
NTPC,NTP5524,Stainless Steel Hex Bolt 10mm x 60mm,SAIL,STL2048,SS HEX BOLT M10-60,Fastener,0.8951,0.3333,0.9,0.5491999983787537,LOW CONFIDENCE,"material, grade/specification","Semantic=0.895, Attribute=0.333, Lexical=0.900. Potential difference: material, grade/specification.",True
ONGC,ONG8801,CI Centrifugal Pump 20 Cubic Meter Hour,NTPC,NTP3302,40 Cubic Meter Per Hour Centrifugal Pump,Pump,0.9101,0.3333,0.8475,0.548799991607666,LOW CONFIDENCE,"size, grade/specification","Semantic=0.910, Attribute=0.333, Lexical=0.847. Potential difference: size, grade/specification.",False
BHEL,BHL1024,Centrifugal Pump 20 m3/hr,NTPC,NTP3302,40 Cubic Meter Per Hour Centrifugal Pump,Pump,0.9101,0.3333,0.8475,0.548799991607666,LOW CONFIDENCE,"size, grade/specification","Semantic=0.910, Attribute=0.333, Lexical=0.847. Potential difference: size, grade/specification.",False
BHEL,BHL1001,SS Bolt M10 X 50,ONGC,ONG1101,Stainless Steel Bolt M10 by 50,Fastener,0.8839,0.3333,0.9,0.5436000227928162,LOW CONFIDENCE,"material, grade/specification","Semantic=0.884, Attribute=0.333, Lexical=0.900. Potential difference: material, grade/specification.",True
BHEL,BHL1001,SS Bolt M10 X 50,NTPC,NTP5521,Stainless Steel Hex Bolt 10mm x 50mm,Fastener,0.8839,0.3333,0.9,0.5436000227928162,LOW CONFIDENCE,"material, grade/specification","Semantic=0.884, Attribute=0.333, Lexical=0.900. Potential difference: material, grade/specification.",True
SAIL,STL7002,SS SEAMLESS PIPE DN25 SCH10,ONGC,ONG6602,Stainless Steel Pipe 25 NB Schedule 10,Pipe,0.8923,0.3333,0.8657,0.5425999760627747,LOW CONFIDENCE,"material, grade/specification","Semantic=0.892, Attribute=0.333, Lexical=0.866. Potential difference: material, grade/specification.",True
NTPC,NTP1102,Stainless Steel Seamless Pipe 25 NB Schedule 10,ONGC,ONG6602,Stainless Steel Pipe 25 NB Schedule 10,Pipe,0.8923,0.3333,0.8657,0.5425999760627747,LOW CONFIDENCE,"material, grade/specification","Semantic=0.892, Attribute=0.333, Lexical=0.866. Potential difference: material, grade/specification.",True
BHEL,BHL1022,Induction Motor 5 HP 415V,SAIL,STL8002,3 PH MOTOR 10HP 415V IE3,Motor,0.8814,0.3333,0.8846,0.5400999784469604,LOW CONFIDENCE,"size, grade/specification","Semantic=0.881, Attribute=0.333, Lexical=0.885. Potential difference: size, grade/specification.",False
SAIL,STL8001,3 PH INDUCTION MOTOR 5HP 415V,BHEL,BHL1023,Induction Motor 10 HP 415V,Motor,0.8813,0.3333,0.8846,0.5400000214576721,LOW CONFIDENCE,"size, grade/specification","Semantic=0.881, Attribute=0.333, Lexical=0.885. Potential difference: size, grade/specification.",False
ONGC,ONG3301,Carbon Steel Gate Valve 50 NB 150 Class,NTPC,NTP7702,80 NB Gate Valve CL 150,Valve,0.8628,0.3333,0.931,0.5376999974250793,LOW CONFIDENCE,"size, grade/specification","Semantic=0.863, Attribute=0.333, Lexical=0.931. Potential difference: size, grade/specification.",False
BHEL,BHL1027,Industrial Gear Oil 220,ONGC,ONG9902,Gear Oil VG 220 Industrial,Lubricant,0.8791,0.3333,0.8571,0.5347999930381775,LOW CONFIDENCE,"material, grade/specification","Semantic=0.879, Attribute=0.333, Lexical=0.857. Potential difference: material, grade/specification.",True
NTPC,NTP7702,80 NB Gate Valve CL 150,ONGC,ONG3303,CS Globe Valve 25 NB 150 Class,Valve,0.8527,0.3333,0.8966,0.5274999737739563,LOW CONFIDENCE,"size, grade/specification","Semantic=0.853, Attribute=0.333, Lexical=0.897. Potential difference: size, grade/specification.",False
BHEL,BHL1002,MS Hex Nut M10,NTPC,NTP5522,Mild Steel Hexagonal Nut 10 mm,Fastener,0.8613,0.3333,0.8333,0.5223000049591064,LOW CONFIDENCE,"material, size","Semantic=0.861, Attribute=0.333, Lexical=0.833. Potential difference: material, size.",True
NTPC,NTP5522,Mild Steel Hexagonal Nut 10 mm,SAIL,STL2046,MS HEX NUT M10,Fastener,0.8613,0.3333,0.8333,0.5223000049591064,LOW CONFIDENCE,"material, size","Semantic=0.861, Attribute=0.333, Lexical=0.833. Potential difference: material, size.",True
SAIL,STL5002,Spiral Wound Gasket DN100,ONGC,ONG4402,Spiral Wound Gasket 100 NB Graphite,Gasket,0.9105,0.3333,0.6526,0.5198000073432922,LOW CONFIDENCE,"material, grade/specification","Semantic=0.910, Attribute=0.333, Lexical=0.653. Potential difference: material, grade/specification.",True
NTPC,NTP8802,100 NB Spiral Wound Graphite Gasket,SAIL,STL5002,Spiral Wound Gasket DN100,Gasket,0.9105,0.3333,0.6526,0.5198000073432922,LOW CONFIDENCE,"material, grade/specification","Semantic=0.910, Attribute=0.333, Lexical=0.653. Potential difference: material, grade/specification.",True
NTPC,NTP6605,Industrial Safety Helmet ISI Marked,SAIL,STL12001,ISI Safety Helmet Industrial Type,PPE,0.796,0.3333,0.8364,0.4900999963283539,LOW CONFIDENCE,"material, grade/specification","Semantic=0.796, Attribute=0.333, Lexical=0.836. Potential difference: material, grade/specification.",True
BHEL,BHL1030,Safety Helmet ISI Approved,NTPC,NTP6605,Industrial Safety Helmet ISI Marked,PPE,0.796,0.3333,0.8364,0.4900999963283539,LOW CONFIDENCE,"material, grade/specification","Semantic=0.796, Attribute=0.333, Lexical=0.836. Potential difference: material, grade/specification.",True
SAIL,STL2045,SS HEX BOLT M10-50,BHEL,BHL1003,SS Flat Washer M10,Fastener,0.7703,0.3333,0.9176,0.4893999993801117,LOW CONFIDENCE,"size, grade/specification","Semantic=0.770, Attribute=0.333, Lexical=0.918. Potential difference: size, grade/specification.",False
SAIL,STL2045,SS HEX BOLT M10-50,ONGC,ONG1103,SS Plain Washer M10,Fastener,0.7703,0.3333,0.9176,0.4893999993801117,LOW CONFIDENCE,"size, grade/specification","Semantic=0.770, Attribute=0.333, Lexical=0.918. Potential difference: size, grade/specification.",False
BHEL,BHL1019,MS Seamless Pipe 50 NB Sch40,ONGC,ONG6601,Carbon Steel Seamless Pipe 50 NB Schedule 40,Pipe,0.8407,0.3333,0.678,0.4887000024318695,LOW CONFIDENCE,"material, grade/specification","Semantic=0.841, Attribute=0.333, Lexical=0.678. Potential difference: material, grade/specification.",True
BHEL,BHL1028,Carbon Steel Welding Electrode 3.15mm,SAIL,STL11002,SS Welding Electrode E308L 3.15mm,Welding,0.7918,0.3333,0.7952,0.48179998993873596,LOW CONFIDENCE,"material, grade/specification","Semantic=0.792, Attribute=0.333, Lexical=0.795. Potential difference: material, grade/specification.",False
SAIL,STL11001,CS Welding Rod E6013 3.15mm,BHEL,BHL1029,Stainless Steel Welding Electrode 3.15mm,Welding,0.7875,0.3333,0.7674,0.4754999876022339,LOW CONFIDENCE,"material, grade/specification","Semantic=0.787, Attribute=0.333, Lexical=0.767. Potential difference: material, grade/specification.",False
SAIL,STL2046,MS HEX NUT M10,ONGC,ONG1103,SS Plain Washer M10,Fastener,0.7722,0.3333,0.8056,0.47360000014305115,LOW CONFIDENCE,"material, grade/specification","Semantic=0.772, Attribute=0.333, Lexical=0.806. Potential difference: material, grade/specification.",False
BHEL,BHL1002,MS Hex Nut M10,SAIL,STL2047,SS WASHER M10 FLAT,Fastener,0.7722,0.3333,0.8056,0.47360000014305115,LOW CONFIDENCE,"material, grade/specification","Semantic=0.772, Attribute=0.333, Lexical=0.806. Potential difference: material, grade/specification.",False
BHEL,BHL1002,MS Hex Nut M10,ONGC,ONG1103,SS Plain Washer M10,Fastener,0.7722,0.3333,0.8056,0.47360000014305115,LOW CONFIDENCE,"material, grade/specification","Semantic=0.772, Attribute=0.333, Lexical=0.806. Potential difference: material, grade/specification.",False
SAIL,STL2046,MS HEX NUT M10,BHEL,BHL1003,SS Flat Washer M10,Fastener,0.7722,0.3333,0.8056,0.47360000014305115,LOW CONFIDENCE,"material, grade/specification","Semantic=0.772, Attribute=0.333, Lexical=0.806. Potential difference: material, grade/specification.",False
NTPC,NTP5501,E6013 Welding Electrode 3.15 MM,ONGC,ONG10002,Stainless Welding Electrode Dia 3.15 MM,Welding,0.7787,0.3333,0.7536,0.4690000116825104,LOW CONFIDENCE,"material, grade/specification","Semantic=0.779, Attribute=0.333, Lexical=0.754. Potential difference: material, grade/specification.",False
BHEL,BHL1029,Stainless Steel Welding Electrode 3.15mm,ONGC,ONG10002,Stainless Welding Electrode Dia 3.15 MM,Welding,0.9603,0.0,0.878,0.4618000090122223,LOW CONFIDENCE,"material, size, grade/specification","Semantic=0.960, Attribute=0.000, Lexical=0.878. Potential difference: material, size, grade/specification.",True
ONGC,ONG10001,Welding Electrode E6013 Dia 3.15 MM,NTPC,NTP5502,E308L Stainless Steel Welding Rod 3.15 MM,Welding,0.7736,0.3333,0.7222,0.4618000090122223,LOW CONFIDENCE,"material, grade/specification","Semantic=0.774, Attribute=0.333, Lexical=0.722. Potential difference: material, grade/specification.",False
NTPC,NTP5502,E308L Stainless Steel Welding Rod 3.15 MM,SAIL,STL11002,SS Welding Electrode E308L 3.15mm,Welding,0.955,0.0,0.878,0.459199994802475,LOW CONFIDENCE,"material, size, grade/specification","Semantic=0.955, Attribute=0.000, Lexical=0.878. Potential difference: material, size, grade/specification.",True
ONGC,ONG1102,Mild Steel Nut Size M10,SAIL,STL2047,SS WASHER M10 FLAT,Fastener,0.7687,0.3333,0.697,0.45559999346733093,LOW CONFIDENCE,"material, grade/specification","Semantic=0.769, Attribute=0.333, Lexical=0.697. Potential difference: material, grade/specification.",False
ONGC,ONG1102,Mild Steel Nut Size M10,BHEL,BHL1003,SS Flat Washer M10,Fastener,0.7687,0.3333,0.697,0.45559999346733093,LOW CONFIDENCE,"material, grade/specification","Semantic=0.769, Attribute=0.333, Lexical=0.697. Potential difference: material, grade/specification.",False
SAIL,STL2045,SS HEX BOLT M10-50,NTPC,NTP5524,Stainless Steel Hex Bolt 10mm x 60mm,Fastener,0.9355,0.0,0.8642,0.4474000036716461,LOW CONFIDENCE,"material, size, grade/specification","Semantic=0.935, Attribute=0.000, Lexical=0.864. Potential difference: material, size, grade/specification.",False
SAIL,STL2045,SS HEX BOLT M10-50,ONGC,ONG1104,Stainless Steel Bolt M10 by 60,Fastener,0.9355,0.0,0.8642,0.4474000036716461,LOW CONFIDENCE,"material, size, grade/specification","Semantic=0.935, Attribute=0.000, Lexical=0.864. Potential difference: material, size, grade/specification.",False
BHEL,BHL1030,Safety Helmet ISI Approved,ONGC,ONG11001,Industrial Protective Safety Helmet,PPE,0.7155,0.3333,0.7308,0.4339999854564667,LOW CONFIDENCE,"material, grade/specification","Semantic=0.716, Attribute=0.333, Lexical=0.731. Potential difference: material, grade/specification.",True
SAIL,STL12001,ISI Safety Helmet Industrial Type,ONGC,ONG11001,Industrial Protective Safety Helmet,PPE,0.7155,0.3333,0.7308,0.4339999854564667,LOW CONFIDENCE,"material, grade/specification","Semantic=0.716, Attribute=0.333, Lexical=0.731. Potential difference: material, grade/specification.",True
NTPC,NTP7701,50 NB Gate Valve Class 150,SAIL,STL4003,Carbon Steel Globe Valve 25NB Class150,Valve,0.8966,0.0,0.8438,0.42489999532699585,LOW CONFIDENCE,"material, size, grade/specification","Semantic=0.897, Attribute=0.000, Lexical=0.844. Potential difference: material, size, grade/specification.",False
NTPC,NTP7701,50 NB Gate Valve Class 150,BHEL,BHL1012,Globe Valve 25 NB Class 150,Valve,0.8966,0.0,0.8438,0.42489999532699585,LOW CONFIDENCE,"material, size, grade/specification","Semantic=0.897, Attribute=0.000, Lexical=0.844. Potential difference: material, size, grade/specification.",False
NTPC,NTP7701,50 NB Gate Valve Class 150,SAIL,STL4002,CS GATE VALVE 80NB CLASS150,Valve,0.8947,0.0,0.8438,0.4239000082015991,LOW CONFIDENCE,"material, size, grade/specification","Semantic=0.895, Attribute=0.000, Lexical=0.844. Potential difference: material, size, grade/specification.",False
NTPC,NTP7701,50 NB Gate Valve Class 150,BHEL,BHL1011,Gate Valve 80 NB Class 150,Valve,0.8947,0.0,0.8438,0.4239000082015991,LOW CONFIDENCE,"material, size, grade/specification","Semantic=0.895, Attribute=0.000, Lexical=0.844. Potential difference: material, size, grade/specification.",False
SAIL,STL2045,SS HEX BOLT M10-50,NTPC,NTP5523,Stainless Steel Plain Washer 10mm,Fastener,0.9023,0.0,0.8101,0.4226999878883362,LOW CONFIDENCE,"material, size, grade/specification","Semantic=0.902, Attribute=0.000, Lexical=0.810. Potential difference: material, size, grade/specification.",False
BHEL,BHL1022,Induction Motor 5 HP 415V,NTPC,NTP2202,10 HP Three Phase Motor 415 Volt,Motor,0.9122,0.0,0.7755,0.42239999771118164,LOW CONFIDENCE,"material, size, grade/specification","Semantic=0.912, Attribute=0.000, Lexical=0.776. Potential difference: material, size, grade/specification.",False
BHEL,BHL1022,Induction Motor 5 HP 415V,ONGC,ONG7702,Three Phase Induction Motor 10 HP,Motor,0.9122,0.0,0.7755,0.42239999771118164,LOW CONFIDENCE,"material, size, grade/specification","Semantic=0.912, Attribute=0.000, Lexical=0.776. Potential difference: material, size, grade/specification.",False
SAIL,STL4001,CS Gate Valve 50NB CL150,NTPC,NTP7703,25 NB Globe Valve CL 150,Valve,0.8907,0.0,0.8438,0.4219000041484833,LOW CONFIDENCE,"material, size, grade/specification","Semantic=0.891, Attribute=0.000, Lexical=0.844. Potential difference: material, size, grade/specification.",False
BHEL,BHL1010,Gate Valve 50 NB Class 150,NTPC,NTP7703,25 NB Globe Valve CL 150,Valve,0.8907,0.0,0.8438,0.4219000041484833,LOW CONFIDENCE,"material, size, grade/specification","Semantic=0.891, Attribute=0.000, Lexical=0.844. Potential difference: material, size, grade/specification.",False
ONGC,ONG1101,Stainless Steel Bolt M10 by 50,BHEL,BHL1004,SS Bolt M10 X 60,Fastener,0.876,0.0,0.875,0.41920000314712524,LOW CONFIDENCE,"material, size, grade/specification","Semantic=0.876, Attribute=0.000, Lexical=0.875. Potential difference: material, size, grade/specification.",False
ONGC,ONG1101,Stainless Steel Bolt M10 by 50,SAIL,STL2048,SS HEX BOLT M10-60,Fastener,0.876,0.0,0.875,0.41920000314712524,LOW CONFIDENCE,"material, size, grade/specification","Semantic=0.876, Attribute=0.000, Lexical=0.875. Potential difference: material, size, grade/specification.",False
NTPC,NTP5521,Stainless Steel Hex Bolt 10mm x 50mm,SAIL,STL2048,SS HEX BOLT M10-60,Fastener,0.876,0.0,0.875,0.41920000314712524,LOW CONFIDENCE,"material, size, grade/specification","Semantic=0.876, Attribute=0.000, Lexical=0.875. Potential difference: material, size, grade/specification.",False
NTPC,NTP5521,Stainless Steel Hex Bolt 10mm x 50mm,BHEL,BHL1004,SS Bolt M10 X 60,Fastener,0.876,0.0,0.875,0.41920000314712524,LOW CONFIDENCE,"material, size, grade/specification","Semantic=0.876, Attribute=0.000, Lexical=0.875. Potential difference: material, size, grade/specification.",False
NTPC,NTP2201,5 HP Three Phase Induction Motor 415 Volt,BHEL,BHL1023,Induction Motor 10 HP 415V,Motor,0.9043,0.0,0.7755,0.41850000619888306,LOW CONFIDENCE,"material, size, grade/specification","Semantic=0.904, Attribute=0.000, Lexical=0.776. Potential difference: material, size, grade/specification.",False
BHEL,BHL1001,SS Bolt M10 X 50,ONGC,ONG1104,Stainless Steel Bolt M10 by 60,Fastener,0.8745,0.0,0.875,0.41850000619888306,LOW CONFIDENCE,"material, size, grade/specification","Semantic=0.874, Attribute=0.000, Lexical=0.875. Potential difference: material, size, grade/specification.",False
BHEL,BHL1001,SS Bolt M10 X 50,NTPC,NTP5524,Stainless Steel Hex Bolt 10mm x 60mm,Fastener,0.8745,0.0,0.875,0.41850000619888306,LOW CONFIDENCE,"material, size, grade/specification","Semantic=0.874, Attribute=0.000, Lexical=0.875. Potential difference: material, size, grade/specification.",False
ONGC,ONG7701,Three Phase Motor 5 HP 415 V,BHEL,BHL1023,Induction Motor 10 HP 415V,Motor,0.9043,0.0,0.7755,0.41850000619888306,LOW CONFIDENCE,"material, size, grade/specification","Semantic=0.904, Attribute=0.000, Lexical=0.776. Potential difference: material, size, grade/specification.",False
SAIL,STL10002,Industrial Gear Oil Grade 220,ONGC,ONG9902,Gear Oil VG 220 Industrial,Lubricant,0.9021,0.0,0.7385,0.41179999709129333,LOW CONFIDENCE,"material, size, grade/specification","Semantic=0.902, Attribute=0.000, Lexical=0.738. Potential difference: material, size, grade/specification.",True
BHEL,BHL1011,Gate Valve 80 NB Class 150,NTPC,NTP7703,25 NB Globe Valve CL 150,Valve,0.879,0.0,0.8125,0.4113999903202057,LOW CONFIDENCE,"material, size, grade/specification","Semantic=0.879, Attribute=0.000, Lexical=0.812. Potential difference: material, size, grade/specification.",False
SAIL,STL4002,CS GATE VALVE 80NB CLASS150,NTPC,NTP7703,25 NB Globe Valve CL 150,Valve,0.879,0.0,0.8125,0.4113999903202057,LOW CONFIDENCE,"material, size, grade/specification","Semantic=0.879, Attribute=0.000, Lexical=0.812. Potential difference: material, size, grade/specification.",False
BHEL,BHL1010,Gate Valve 50 NB Class 150,ONGC,ONG3302,Carbon Steel Gate Valve 80 NB,Valve,0.859,0.0,0.8438,0.40610000491142273,LOW CONFIDENCE,"material, size, grade/specification","Semantic=0.859, Attribute=0.000, Lexical=0.844. Potential difference: material, size, grade/specification.",False
SAIL,STL4001,CS Gate Valve 50NB CL150,NTPC,NTP7702,80 NB Gate Valve CL 150,Valve,0.859,0.0,0.8438,0.40610000491142273,LOW CONFIDENCE,"material, size, grade/specification","Semantic=0.859, Attribute=0.000, Lexical=0.844. Potential difference: material, size, grade/specification.",False
SAIL,STL4001,CS Gate Valve 50NB CL150,ONGC,ONG3302,Carbon Steel Gate Valve 80 NB,Valve,0.859,0.0,0.8438,0.40610000491142273,LOW CONFIDENCE,"material, size, grade/specification","Semantic=0.859, Attribute=0.000, Lexical=0.844. Potential difference: material, size, grade/specification.",False
BHEL,BHL1010,Gate Valve 50 NB Class 150,NTPC,NTP7702,80 NB Gate Valve CL 150,Valve,0.859,0.0,0.8438,0.40610000491142273,LOW CONFIDENCE,"material, size, grade/specification","Semantic=0.859, Attribute=0.000, Lexical=0.844. Potential difference: material, size, grade/specification.",False
SAIL,STL8001,3 PH INDUCTION MOTOR 5HP 415V,NTPC,NTP2202,10 HP Three Phase Motor 415 Volt,Motor,0.8754,0.0,0.75,0.4002000093460083,LOW CONFIDENCE,"material, size, grade/specification","Semantic=0.875, Attribute=0.000, Lexical=0.750. Potential difference: material, size, grade/specification.",False
SAIL,STL8001,3 PH INDUCTION MOTOR 5HP 415V,ONGC,ONG7702,Three Phase Induction Motor 10 HP,Motor,0.8754,0.0,0.75,0.4002000093460083,LOW CONFIDENCE,"material, size, grade/specification","Semantic=0.875, Attribute=0.000, Lexical=0.750. Potential difference: material, size, grade/specification.",False
NTPC,NTP7702,80 NB Gate Valve CL 150,SAIL,STL4003,Carbon Steel Globe Valve 25NB Class150,Valve,0.8499,0.0,0.8125,0.3968000113964081,LOW CONFIDENCE,"material, size, grade/specification","Semantic=0.850, Attribute=0.000, Lexical=0.812. Potential difference: material, size, grade/specification.",False
ONGC,ONG3302,Carbon Steel Gate Valve 80 NB,SAIL,STL4003,Carbon Steel Globe Valve 25NB Class150,Valve,0.8499,0.0,0.8125,0.3968000113964081,LOW CONFIDENCE,"material, size, grade/specification","Semantic=0.850, Attribute=0.000, Lexical=0.812. Potential difference: material, size, grade/specification.",False
ONGC,ONG3302,Carbon Steel Gate Valve 80 NB,BHEL,BHL1012,Globe Valve 25 NB Class 150,Valve,0.8499,0.0,0.8125,0.3968000113964081,LOW CONFIDENCE,"material, size, grade/specification","Semantic=0.850, Attribute=0.000, Lexical=0.812. Potential difference: material, size, grade/specification.",False
NTPC,NTP7702,80 NB Gate Valve CL 150,BHEL,BHL1012,Globe Valve 25 NB Class 150,Valve,0.8499,0.0,0.8125,0.3968000113964081,LOW CONFIDENCE,"material, size, grade/specification","Semantic=0.850, Attribute=0.000, Lexical=0.812. Potential difference: material, size, grade/specification.",False
NTPC,NTP2201,5 HP Three Phase Induction Motor 415 Volt,SAIL,STL8002,3 PH MOTOR 10HP 415V IE3,Motor,0.8673,0.0,0.75,0.3962000012397766,LOW CONFIDENCE,"material, size, grade/specification","Semantic=0.867, Attribute=0.000, Lexical=0.750. Potential difference: material, size, grade/specification.",False
ONGC,ONG7701,Three Phase Motor 5 HP 415 V,SAIL,STL8002,3 PH MOTOR 10HP 415V IE3,Motor,0.8673,0.0,0.75,0.3962000012397766,LOW CONFIDENCE,"material, size, grade/specification","Semantic=0.867, Attribute=0.000, Lexical=0.750. Potential difference: material, size, grade/specification.",False
SAIL,STL7001,CS SEAMLESS PIPE DN50 SCH40,BHEL,BHL1020,SS Seamless Pipe 25 NB Sch10,Pipe,0.8153,0.0,0.7945,0.376800000667572,LOW CONFIDENCE,"material, size, grade/specification","Semantic=0.815, Attribute=0.000, Lexical=0.795. Potential difference: material, size, grade/specification.",False
NTPC,NTP5523,Stainless Steel Plain Washer 10mm,SAIL,STL2048,SS HEX BOLT M10-60,Fastener,0.8001,0.0,0.8205,0.37310001254081726,LOW CONFIDENCE,"material, size, grade/specification","Semantic=0.800, Attribute=0.000, Lexical=0.821. Potential difference: material, size, grade/specification.",False
NTPC,NTP5523,Stainless Steel Plain Washer 10mm,BHEL,BHL1004,SS Bolt M10 X 60,Fastener,0.8001,0.0,0.8205,0.37310001254081726,LOW CONFIDENCE,"material, size, grade/specification","Semantic=0.800, Attribute=0.000, Lexical=0.821. Potential difference: material, size, grade/specification.",False
BHEL,BHL1001,SS Bolt M10 X 50,NTPC,NTP5523,Stainless Steel Plain Washer 10mm,Fastener,0.7988,0.0,0.8205,0.3725000023841858,LOW CONFIDENCE,"material, size, grade/specification","Semantic=0.799, Attribute=0.000, Lexical=0.821. Potential difference: material, size, grade/specification.",False
NTPC,NTP1101,50 NB Carbon Steel Seamless Pipe Schedule 40,SAIL,STL7002,SS SEAMLESS PIPE DN25 SCH10,Pipe,0.7967,0.0,0.7541,0.36149999499320984,LOW CONFIDENCE,"material, size, grade/specification","Semantic=0.797, Attribute=0.000, Lexical=0.754. Potential difference: material, size, grade/specification.",False
BHEL,BHL1019,MS Seamless Pipe 50 NB Sch40,SAIL,STL7002,SS SEAMLESS PIPE DN25 SCH10,Pipe,0.807,0.0,0.7077,0.3596999943256378,LOW CONFIDENCE,"material, size, grade/specification","Semantic=0.807, Attribute=0.000, Lexical=0.708. Potential difference: material, size, grade/specification.",False
BHEL,BHL1019,MS Seamless Pipe 50 NB Sch40,NTPC,NTP1102,Stainless Steel Seamless Pipe 25 NB Schedule 10,Pipe,0.807,0.0,0.7077,0.3596999943256378,LOW CONFIDENCE,"material, size, grade/specification","Semantic=0.807, Attribute=0.000, Lexical=0.708. Potential difference: material, size, grade/specification.",False
NTPC,NTP1101,50 NB Carbon Steel Seamless Pipe Schedule 40,BHEL,BHL1020,SS Seamless Pipe 25 NB Sch10,Pipe,0.8073,0.0,0.6866,0.35659998655319214,LOW CONFIDENCE,"material, size, grade/specification","Semantic=0.807, Attribute=0.000, Lexical=0.687. Potential difference: material, size, grade/specification.",False
SAIL,STL7001,CS SEAMLESS PIPE DN50 SCH40,NTPC,NTP1102,Stainless Steel Seamless Pipe 25 NB Schedule 10,Pipe,0.7935,0.0,0.6866,0.3497999906539917,LOW CONFIDENCE,"material, size, grade/specification","Semantic=0.794, Attribute=0.000, Lexical=0.687. Potential difference: material, size, grade/specification.",False
BHEL,BHL1003,SS Flat Washer M10,NTPC,NTP5523,Stainless Steel Plain Washer 10mm,Fastener,0.744,0.0,0.8378,0.34769999980926514,LOW CONFIDENCE,"material, size, grade/specification","Semantic=0.744, Attribute=0.000, Lexical=0.838. Potential difference: material, size, grade/specification.",True
NTPC,NTP5523,Stainless Steel Plain Washer 10mm,SAIL,STL2047,SS WASHER M10 FLAT,Fastener,0.744,0.0,0.8378,0.34769999980926514,LOW CONFIDENCE,"material, size, grade/specification","Semantic=0.744, Attribute=0.000, Lexical=0.838. Potential difference: material, size, grade/specification.",True
NTPC,NTP5523,Stainless Steel Plain Washer 10mm,ONGC,ONG1103,SS Plain Washer M10,Fastener,0.744,0.0,0.8378,0.34769999980926514,LOW CONFIDENCE,"material, size, grade/specification","Semantic=0.744, Attribute=0.000, Lexical=0.838. Potential difference: material, size, grade/specification.",True
BHEL,BHL1028,Carbon Steel Welding Electrode 3.15mm,ONGC,ONG10002,Stainless Welding Electrode Dia 3.15 MM,Welding,0.7766,0.0,0.7105,0.3449000120162964,LOW CONFIDENCE,"material, size, grade/specification","Semantic=0.777, Attribute=0.000, Lexical=0.711. Potential difference: material, size, grade/specification.",False
SAIL,STL11001,CS Welding Rod E6013 3.15mm,ONGC,ONG10002,Stainless Welding Electrode Dia 3.15 MM,Welding,0.7766,0.0,0.7105,0.3449000120162964,LOW CONFIDENCE,"material, size, grade/specification","Semantic=0.777, Attribute=0.000, Lexical=0.711. Potential difference: material, size, grade/specification.",False
BHEL,BHL1019,MS Seamless Pipe 50 NB Sch40,ONGC,ONG6602,Stainless Steel Pipe 25 NB Schedule 10,Pipe,0.75,0.0,0.7647,0.33970001339912415,LOW CONFIDENCE,"material, size, grade/specification","Semantic=0.750, Attribute=0.000, Lexical=0.765. Potential difference: material, size, grade/specification.",False
BHEL,BHL1003,SS Flat Washer M10,NTPC,NTP5524,Stainless Steel Hex Bolt 10mm x 60mm,Fastener,0.7321,0.0,0.8158,0.3384000062942505,LOW CONFIDENCE,"material, size, grade/specification","Semantic=0.732, Attribute=0.000, Lexical=0.816. Potential difference: material, size, grade/specification.",False
BHEL,BHL1003,SS Flat Washer M10,ONGC,ONG1104,Stainless Steel Bolt M10 by 60,Fastener,0.7321,0.0,0.8158,0.3384000062942505,LOW CONFIDENCE,"material, size, grade/specification","Semantic=0.732, Attribute=0.000, Lexical=0.816. Potential difference: material, size, grade/specification.",False
SAIL,STL2047,SS WASHER M10 FLAT,ONGC,ONG1104,Stainless Steel Bolt M10 by 60,Fastener,0.7321,0.0,0.8158,0.3384000062942505,LOW CONFIDENCE,"material, size, grade/specification","Semantic=0.732, Attribute=0.000, Lexical=0.816. Potential difference: material, size, grade/specification.",False
SAIL,STL2047,SS WASHER M10 FLAT,NTPC,NTP5524,Stainless Steel Hex Bolt 10mm x 60mm,Fastener,0.7321,0.0,0.8158,0.3384000062942505,LOW CONFIDENCE,"material, size, grade/specification","Semantic=0.732, Attribute=0.000, Lexical=0.816. Potential difference: material, size, grade/specification.",False
ONGC,ONG1103,SS Plain Washer M10,NTPC,NTP5524,Stainless Steel Hex Bolt 10mm x 60mm,Fastener,0.7321,0.0,0.8158,0.3384000062942505,LOW CONFIDENCE,"material, size, grade/specification","Semantic=0.732, Attribute=0.000, Lexical=0.816. Potential difference: material, size, grade/specification.",False
NTPC,NTP5501,E6013 Welding Electrode 3.15 MM,SAIL,STL11002,SS Welding Electrode E308L 3.15mm,Welding,0.7712,0.0,0.6842,0.33820000290870667,LOW CONFIDENCE,"material, size, grade/specification","Semantic=0.771, Attribute=0.000, Lexical=0.684. Potential difference: material, size, grade/specification.",False
ONGC,ONG10001,Welding Electrode E6013 Dia 3.15 MM,SAIL,STL11002,SS Welding Electrode E308L 3.15mm,Welding,0.7712,0.0,0.6842,0.33820000290870667,LOW CONFIDENCE,"material, size, grade/specification","Semantic=0.771, Attribute=0.000, Lexical=0.684. Potential difference: material, size, grade/specification.",False
SAIL,STL11001,CS Welding Rod E6013 3.15mm,NTPC,NTP5502,E308L Stainless Steel Welding Rod 3.15 MM,Welding,0.7709,0.0,0.6835,0.33799999952316284,LOW CONFIDENCE,"material, size, grade/specification","Semantic=0.771, Attribute=0.000, Lexical=0.684. Potential difference: material, size, grade/specification.",False
BHEL,BHL1028,Carbon Steel Welding Electrode 3.15mm,NTPC,NTP5502,E308L Stainless Steel Welding Rod 3.15 MM,Welding,0.7709,0.0,0.6835,0.33799999952316284,LOW CONFIDENCE,"material, size, grade/specification","Semantic=0.771, Attribute=0.000, Lexical=0.684. Potential difference: material, size, grade/specification.",False
ONGC,ONG10001,Welding Electrode E6013 Dia 3.15 MM,BHEL,BHL1029,Stainless Steel Welding Electrode 3.15mm,Welding,0.7674,0.0,0.6582,0.33250001072883606,LOW CONFIDENCE,"material, size, grade/specification","Semantic=0.767, Attribute=0.000, Lexical=0.658. Potential difference: material, size, grade/specification.",False
NTPC,NTP5501,E6013 Welding Electrode 3.15 MM,BHEL,BHL1029,Stainless Steel Welding Electrode 3.15mm,Welding,0.7674,0.0,0.6582,0.33250001072883606,LOW CONFIDENCE,"material, size, grade/specification","Semantic=0.767, Attribute=0.000, Lexical=0.658. Potential difference: material, size, grade/specification.",False
BHEL,BHL1019,MS Seamless Pipe 50 NB Sch40,SAIL,STL7003,GI PIPE DN40 MEDIUM,Pipe,0.7596,0.0,0.6849,0.33250001072883606,LOW CONFIDENCE,"material, size, grade/specification","Semantic=0.760, Attribute=0.000, Lexical=0.685. Potential difference: material, size, grade/specification.",False
NTPC,NTP5521,Stainless Steel Hex Bolt 10mm x 50mm,BHEL,BHL1003,SS Flat Washer M10,Fastener,0.7197,0.0,0.8158,0.33219999074935913,LOW CONFIDENCE,"material, size, grade/specification","Semantic=0.720, Attribute=0.000, Lexical=0.816. Potential difference: material, size, grade/specification.",False
ONGC,ONG1101,Stainless Steel Bolt M10 by 50,SAIL,STL2047,SS WASHER M10 FLAT,Fastener,0.7197,0.0,0.8158,0.33219999074935913,LOW CONFIDENCE,"material, size, grade/specification","Semantic=0.720, Attribute=0.000, Lexical=0.816. Potential difference: material, size, grade/specification.",False
NTPC,NTP5521,Stainless Steel Hex Bolt 10mm x 50mm,ONGC,ONG1103,SS Plain Washer M10,Fastener,0.7197,0.0,0.8158,0.33219999074935913,LOW CONFIDENCE,"material, size, grade/specification","Semantic=0.720, Attribute=0.000, Lexical=0.816. Potential difference: material, size, grade/specification.",False
NTPC,NTP5521,Stainless Steel Hex Bolt 10mm x 50mm,SAIL,STL2047,SS WASHER M10 FLAT,Fastener,0.7197,0.0,0.8158,0.33219999074935913,LOW CONFIDENCE,"material, size, grade/specification","Semantic=0.720, Attribute=0.000, Lexical=0.816. Potential difference: material, size, grade/specification.",False
ONGC,ONG1101,Stainless Steel Bolt M10 by 50,BHEL,BHL1003,SS Flat Washer M10,Fastener,0.7197,0.0,0.8158,0.33219999074935913,LOW CONFIDENCE,"material, size, grade/specification","Semantic=0.720, Attribute=0.000, Lexical=0.816. Potential difference: material, size, grade/specification.",False
SAIL,STL7001,CS SEAMLESS PIPE DN50 SCH40,ONGC,ONG6602,Stainless Steel Pipe 25 NB Schedule 10,Pipe,0.7363,0.0,0.7429,0.3296000063419342,LOW CONFIDENCE,"material, size, grade/specification","Semantic=0.736, Attribute=0.000, Lexical=0.743. Potential difference: material, size, grade/specification.",False
ONGC,ONG6602,Stainless Steel Pipe 25 NB Schedule 10,BHEL,BHL1021,GI Pipe 40 NB Medium Class,Pipe,0.7459,0.0,0.6667,0.3230000138282776,LOW CONFIDENCE,"material, size, grade/specification","Semantic=0.746, Attribute=0.000, Lexical=0.667. Potential difference: material, size, grade/specification.",False
ONGC,ONG6602,Stainless Steel Pipe 25 NB Schedule 10,SAIL,STL7003,GI PIPE DN40 MEDIUM,Pipe,0.7459,0.0,0.6667,0.3230000138282776,LOW CONFIDENCE,"material, size, grade/specification","Semantic=0.746, Attribute=0.000, Lexical=0.667. Potential difference: material, size, grade/specification.",False
ONGC,ONG6601,Carbon Steel Seamless Pipe 50 NB Schedule 40,NTPC,NTP1103,40 NB Galvanized Iron Pipe Medium Grade,Pipe,0.7522,0.0,0.6333,0.32109999656677246,LOW CONFIDENCE,"material, size, grade/specification","Semantic=0.752, Attribute=0.000, Lexical=0.633. Potential difference: material, size, grade/specification.",False
ONGC,ONG6601,Carbon Steel Seamless Pipe 50 NB Schedule 40,BHEL,BHL1020,SS Seamless Pipe 25 NB Sch10,Pipe,0.7527,0.0,0.625,0.32010000944137573,LOW CONFIDENCE,"material, size, grade/specification","Semantic=0.753, Attribute=0.000, Lexical=0.625. Potential difference: material, size, grade/specification.",False
ONGC,ONG6601,Carbon Steel Seamless Pipe 50 NB Schedule 40,SAIL,STL7002,SS SEAMLESS PIPE DN25 SCH10,Pipe,0.7325,0.0,0.6897,0.3197000026702881,LOW CONFIDENCE,"material, size, grade/specification","Semantic=0.732, Attribute=0.000, Lexical=0.690. Potential difference: material, size, grade/specification.",False
ONGC,ONG6601,Carbon Steel Seamless Pipe 50 NB Schedule 40,NTPC,NTP1102,Stainless Steel Seamless Pipe 25 NB Schedule 10,Pipe,0.7325,0.0,0.6897,0.3197000026702881,LOW CONFIDENCE,"material, size, grade/specification","Semantic=0.732, Attribute=0.000, Lexical=0.690. Potential difference: material, size, grade/specification.",False
ONGC,ONG6601,Carbon Steel Seamless Pipe 50 NB Schedule 40,SAIL,STL7003,GI PIPE DN40 MEDIUM,Pipe,0.7598,0.0,0.5758,0.31630000472068787,LOW CONFIDENCE,"material, size, grade/specification","Semantic=0.760, Attribute=0.000, Lexical=0.576. Potential difference: material, size, grade/specification.",False
ONGC,ONG6601,Carbon Steel Seamless Pipe 50 NB Schedule 40,BHEL,BHL1021,GI Pipe 40 NB Medium Class,Pipe,0.7598,0.0,0.5758,0.31630000472068787,LOW CONFIDENCE,"material, size, grade/specification","Semantic=0.760, Attribute=0.000, Lexical=0.576. Potential difference: material, size, grade/specification.",False
SAIL,STL7001,CS SEAMLESS PIPE DN50 SCH40,BHEL,BHL1021,GI Pipe 40 NB Medium Class,Pipe,0.7235,0.0,0.6667,0.3118000030517578,LOW CONFIDENCE,"material, size, grade/specification","Semantic=0.724, Attribute=0.000, Lexical=0.667. Potential difference: material, size, grade/specification.",False
BHEL,BHL1019,MS Seamless Pipe 50 NB Sch40,ONGC,ONG6603,Galvanised Pipe 40 NB Medium Class,Pipe,0.7462,0.0,0.5672,0.30820000171661377,LOW CONFIDENCE,"material, size, grade/specification","Semantic=0.746, Attribute=0.000, Lexical=0.567. Potential difference: material, size, grade/specification.",False
BHEL,BHL1019,MS Seamless Pipe 50 NB Sch40,NTPC,NTP1103,40 NB Galvanized Iron Pipe Medium Grade,Pipe,0.7462,0.0,0.5672,0.30820000171661377,LOW CONFIDENCE,"material, size, grade/specification","Semantic=0.746, Attribute=0.000, Lexical=0.567. Potential difference: material, size, grade/specification.",False
NTPC,NTP1101,50 NB Carbon Steel Seamless Pipe Schedule 40,ONGC,ONG6602,Stainless Steel Pipe 25 NB Schedule 10,Pipe,0.7186,0.0,0.625,0.30300000309944153,LOW CONFIDENCE,"material, size, grade/specification","Semantic=0.719, Attribute=0.000, Lexical=0.625. Potential difference: material, size, grade/specification.",False
ONGC,ONG6602,Stainless Steel Pipe 25 NB Schedule 10,NTPC,NTP1103,40 NB Galvanized Iron Pipe Medium Grade,Pipe,0.7347,0.0,0.5507,0.30000001192092896,LOW CONFIDENCE,"material, size, grade/specification","Semantic=0.735, Attribute=0.000, Lexical=0.551. Potential difference: material, size, grade/specification.",False
ONGC,ONG1101,Stainless Steel Bolt M10 by 50,NTPC,NTP5522,Mild Steel Hexagonal Nut 10 mm,Fastener,0.6847,0.0,0.6875,0.2955000102519989,LOW CONFIDENCE,"material, size, grade/specification","Semantic=0.685, Attribute=0.000, Lexical=0.688. Potential difference: material, size, grade/specification.",False
BHEL,BHL1001,SS Bolt M10 X 50,NTPC,NTP5522,Mild Steel Hexagonal Nut 10 mm,Fastener,0.698,0.0,0.6389,0.2948000133037567,LOW CONFIDENCE,"material, size, grade/specification","Semantic=0.698, Attribute=0.000, Lexical=0.639. Potential difference: material, size, grade/specification.",False
BHEL,BHL1020,SS Seamless Pipe 25 NB Sch10,SAIL,STL7003,GI PIPE DN40 MEDIUM,Pipe,0.6948,0.0,0.641,0.2935999929904938,LOW CONFIDENCE,"material, size, grade/specification","Semantic=0.695, Attribute=0.000, Lexical=0.641. Potential difference: material, size, grade/specification.",False
NTPC,NTP5522,Mild Steel Hexagonal Nut 10 mm,ONGC,ONG1105,Galvanised Steel Bolt M12 75mm,Fastener,0.6809,0.0,0.6562,0.2888999879360199,LOW CONFIDENCE,"material, size, grade/specification","Semantic=0.681, Attribute=0.000, Lexical=0.656. Potential difference: material, size, grade/specification.",False
NTPC,NTP5522,Mild Steel Hexagonal Nut 10 mm,BHEL,BHL1005,GI Hex Bolt M12 X 75,Fastener,0.6972,0.0,0.6,0.28859999775886536,LOW CONFIDENCE,"material, size, grade/specification","Semantic=0.697, Attribute=0.000, Lexical=0.600. Potential difference: material, size, grade/specification.",False
NTPC,NTP5522,Mild Steel Hexagonal Nut 10 mm,SAIL,STL2049,GI HEX BOLT M12-75,Fastener,0.6972,0.0,0.6,0.28859999775886536,LOW CONFIDENCE,"material, size, grade/specification","Semantic=0.697, Attribute=0.000, Lexical=0.600. Potential difference: material, size, grade/specification.",False
NTPC,NTP5522,Mild Steel Hexagonal Nut 10 mm,SAIL,STL2048,SS HEX BOLT M10-60,Fastener,0.6849,0.0,0.6389,0.2883000075817108,LOW CONFIDENCE,"material, size, grade/specification","Semantic=0.685, Attribute=0.000, Lexical=0.639. Potential difference: material, size, grade/specification.",False
NTPC,NTP5522,Mild Steel Hexagonal Nut 10 mm,BHEL,BHL1004,SS Bolt M10 X 60,Fastener,0.6849,0.0,0.6389,0.2883000075817108,LOW CONFIDENCE,"material, size, grade/specification","Semantic=0.685, Attribute=0.000, Lexical=0.639. Potential difference: material, size, grade/specification.",False
SAIL,STL7001,CS SEAMLESS PIPE DN50 SCH40,NTPC,NTP1103,40 NB Galvanized Iron Pipe Medium Grade,Pipe,0.7097,0.0,0.5507,0.2874999940395355,LOW CONFIDENCE,"material, size, grade/specification","Semantic=0.710, Attribute=0.000, Lexical=0.551. Potential difference: material, size, grade/specification.",False
SAIL,STL7001,CS SEAMLESS PIPE DN50 SCH40,ONGC,ONG6603,Galvanised Pipe 40 NB Medium Class,Pipe,0.7097,0.0,0.5507,0.2874999940395355,LOW CONFIDENCE,"material, size, grade/specification","Semantic=0.710, Attribute=0.000, Lexical=0.551. Potential difference: material, size, grade/specification.",False
NTPC,NTP5522,Mild Steel Hexagonal Nut 10 mm,ONGC,ONG1104,Stainless Steel Bolt M10 by 60,Fastener,0.6676,0.0,0.6875,0.28690001368522644,LOW CONFIDENCE,"material, size, grade/specification","Semantic=0.668, Attribute=0.000, Lexical=0.688. Potential difference: material, size, grade/specification.",False
NTPC,NTP5522,Mild Steel Hexagonal Nut 10 mm,ONGC,ONG1103,SS Plain Washer M10,Fastener,0.6779,0.0,0.6471,0.28600001335144043,LOW CONFIDENCE,"material, size, grade/specification","Semantic=0.678, Attribute=0.000, Lexical=0.647. Potential difference: material, size, grade/specification.",False
NTPC,NTP5522,Mild Steel Hexagonal Nut 10 mm,SAIL,STL2047,SS WASHER M10 FLAT,Fastener,0.6779,0.0,0.6471,0.28600001335144043,LOW CONFIDENCE,"material, size, grade/specification","Semantic=0.678, Attribute=0.000, Lexical=0.647. Potential difference: material, size, grade/specification.",False
NTPC,NTP5522,Mild Steel Hexagonal Nut 10 mm,BHEL,BHL1003,SS Flat Washer M10,Fastener,0.6779,0.0,0.6471,0.28600001335144043,LOW CONFIDENCE,"material, size, grade/specification","Semantic=0.678, Attribute=0.000, Lexical=0.647. Potential difference: material, size, grade/specification.",False
SAIL,STL2045,SS HEX BOLT M10-50,NTPC,NTP5522,Mild Steel Hexagonal Nut 10 mm,Fastener,0.6822,0.0,0.6301,0.2856000065803528,LOW CONFIDENCE,"material, size, grade/specification","Semantic=0.682, Attribute=0.000, Lexical=0.630. Potential difference: material, size, grade/specification.",False
NTPC,NTP1101,50 NB Carbon Steel Seamless Pipe Schedule 40,ONGC,ONG6603,Galvanised Pipe 40 NB Medium Class,Pipe,0.6881,0.0,0.6032,0.28450000286102295,LOW CONFIDENCE,"material, size, grade/specification","Semantic=0.688, Attribute=0.000, Lexical=0.603. Potential difference: material, size, grade/specification.",False
SAIL,STL2046,MS HEX NUT M10,BHEL,BHL1005,GI Hex Bolt M12 X 75,Fastener,0.6526,0.0,0.7027,0.2816999852657318,LOW CONFIDENCE,"material, size, grade/specification","Semantic=0.653, Attribute=0.000, Lexical=0.703. Potential difference: material, size, grade/specification.",False
BHEL,BHL1002,MS Hex Nut M10,SAIL,STL2049,GI HEX BOLT M12-75,Fastener,0.6526,0.0,0.7027,0.2816999852657318,LOW CONFIDENCE,"material, size, grade/specification","Semantic=0.653, Attribute=0.000, Lexical=0.703. Potential difference: material, size, grade/specification.",False
BHEL,BHL1001,SS Bolt M10 X 50,SAIL,STL2049,GI HEX BOLT M12-75,Fastener,0.6427,0.0,0.7209,0.27950000762939453,LOW CONFIDENCE,"material, size, grade/specification","Semantic=0.643, Attribute=0.000, Lexical=0.721. Potential difference: material, size, grade/specification.",False
NTPC,NTP1101,50 NB Carbon Steel Seamless Pipe Schedule 40,BHEL,BHL1021,GI Pipe 40 NB Medium Class,Pipe,0.6911,0.0,0.5507,0.2782000005245209,LOW CONFIDENCE,"material, size, grade/specification","Semantic=0.691, Attribute=0.000, Lexical=0.551. Potential difference: material, size, grade/specification.",False
NTPC,NTP1101,50 NB Carbon Steel Seamless Pipe Schedule 40,SAIL,STL7003,GI PIPE DN40 MEDIUM,Pipe,0.6911,0.0,0.5507,0.2782000005245209,LOW CONFIDENCE,"material, size, grade/specification","Semantic=0.691, Attribute=0.000, Lexical=0.551. Potential difference: material, size, grade/specification.",False
ONGC,ONG3302,Carbon Steel Gate Valve 80 NB,BHEL,BHL1013,Butterfly Valve 100 NB PN16,Valve,0.6792,0.0,0.5862,0.2775000035762787,LOW CONFIDENCE,"material, size, grade/specification","Semantic=0.679, Attribute=0.000, Lexical=0.586. Potential difference: material, size, grade/specification.",False
ONGC,ONG3302,Carbon Steel Gate Valve 80 NB,SAIL,STL4004,DI Butterfly Valve 100NB PN16,Valve,0.6792,0.0,0.5862,0.2775000035762787,LOW CONFIDENCE,"material, size, grade/specification","Semantic=0.679, Attribute=0.000, Lexical=0.586. Potential difference: material, size, grade/specification.",False
ONGC,ONG3302,Carbon Steel Gate Valve 80 NB,NTPC,NTP7704,100 NB Butterfly Valve PN 16,Valve,0.6792,0.0,0.5862,0.2775000035762787,LOW CONFIDENCE,"material, size, grade/specification","Semantic=0.679, Attribute=0.000, Lexical=0.586. Potential difference: material, size, grade/specification.",False
NTPC,NTP7702,80 NB Gate Valve CL 150,ONGC,ONG3304,Butterfly Valve Size 100 NB Pressure PN16,Valve,0.6792,0.0,0.5862,0.2775000035762787,LOW CONFIDENCE,"material, size, grade/specification","Semantic=0.679, Attribute=0.000, Lexical=0.586. Potential difference: material, size, grade/specification.",False
NTPC,NTP7702,80 NB Gate Valve CL 150,BHEL,BHL1013,Butterfly Valve 100 NB PN16,Valve,0.6792,0.0,0.5862,0.2775000035762787,LOW CONFIDENCE,"material, size, grade/specification","Semantic=0.679, Attribute=0.000, Lexical=0.586. Potential difference: material, size, grade/specification.",False
NTPC,NTP7702,80 NB Gate Valve CL 150,SAIL,STL4004,DI Butterfly Valve 100NB PN16,Valve,0.6792,0.0,0.5862,0.2775000035762787,LOW CONFIDENCE,"material, size, grade/specification","Semantic=0.679, Attribute=0.000, Lexical=0.586. Potential difference: material, size, grade/specification.",False
BHEL,BHL1004,SS Bolt M10 X 60,SAIL,STL2049,GI HEX BOLT M12-75,Fastener,0.6453,0.0,0.6977,0.27730000019073486,LOW CONFIDENCE,"material, size, grade/specification","Semantic=0.645, Attribute=0.000, Lexical=0.698. Potential difference: material, size, grade/specification.",False
SAIL,STL2048,SS HEX BOLT M10-60,BHEL,BHL1005,GI Hex Bolt M12 X 75,Fastener,0.6453,0.0,0.6977,0.27730000019073486,LOW CONFIDENCE,"material, size, grade/specification","Semantic=0.645, Attribute=0.000, Lexical=0.698. Potential difference: material, size, grade/specification.",False
SAIL,STL2045,SS HEX BOLT M10-50,BHEL,BHL1005,GI Hex Bolt M12 X 75,Fastener,0.6393,0.0,0.7126,0.2766000032424927,LOW CONFIDENCE,"material, size, grade/specification","Semantic=0.639, Attribute=0.000, Lexical=0.713. Potential difference: material, size, grade/specification.",False
ONGC,ONG1101,Stainless Steel Bolt M10 by 50,NTPC,NTP5525,Galvanized Hexagonal Bolt 12mm x 75mm,Fastener,0.6444,0.0,0.6944,0.27639999985694885,LOW CONFIDENCE,"material, size, grade/specification","Semantic=0.644, Attribute=0.000, Lexical=0.694. Potential difference: material, size, grade/specification.",False
NTPC,NTP5521,Stainless Steel Hex Bolt 10mm x 50mm,ONGC,ONG1105,Galvanised Steel Bolt M12 75mm,Fastener,0.6444,0.0,0.6944,0.27639999985694885,LOW CONFIDENCE,"material, size, grade/specification","Semantic=0.644, Attribute=0.000, Lexical=0.694. Potential difference: material, size, grade/specification.",False
NTPC,NTP5524,Stainless Steel Hex Bolt 10mm x 60mm,ONGC,ONG1105,Galvanised Steel Bolt M12 75mm,Fastener,0.6522,0.0,0.6667,0.2761000096797943,LOW CONFIDENCE,"material, size, grade/specification","Semantic=0.652, Attribute=0.000, Lexical=0.667. Potential difference: material, size, grade/specification.",False
ONGC,ONG1104,Stainless Steel Bolt M10 by 60,NTPC,NTP5525,Galvanized Hexagonal Bolt 12mm x 75mm,Fastener,0.6522,0.0,0.6667,0.2761000096797943,LOW CONFIDENCE,"material, size, grade/specification","Semantic=0.652, Attribute=0.000, Lexical=0.667. Potential difference: material, size, grade/specification.",False
BHEL,BHL1020,SS Seamless Pipe 25 NB Sch10,ONGC,ONG6603,Galvanised Pipe 40 NB Medium Class,Pipe,0.6894,0.0,0.5278,0.27390000224113464,LOW CONFIDENCE,"material, size, grade/specification","Semantic=0.689, Attribute=0.000, Lexical=0.528. Potential difference: material, size, grade/specification.",False
BHEL,BHL1020,SS Seamless Pipe 25 NB Sch10,NTPC,NTP1103,40 NB Galvanized Iron Pipe Medium Grade,Pipe,0.6894,0.0,0.5278,0.27390000224113464,LOW CONFIDENCE,"material, size, grade/specification","Semantic=0.689, Attribute=0.000, Lexical=0.528. Potential difference: material, size, grade/specification.",False
ONGC,ONG1101,Stainless Steel Bolt M10 by 50,SAIL,STL2049,GI HEX BOLT M12-75,Fastener,0.6543,0.0,0.641,0.2732999920845032,LOW CONFIDENCE,"material, size, grade/specification","Semantic=0.654, Attribute=0.000, Lexical=0.641. Potential difference: material, size, grade/specification.",False
ONGC,ONG1101,Stainless Steel Bolt M10 by 50,BHEL,BHL1005,GI Hex Bolt M12 X 75,Fastener,0.6543,0.0,0.641,0.2732999920845032,LOW CONFIDENCE,"material, size, grade/specification","Semantic=0.654, Attribute=0.000, Lexical=0.641. Potential difference: material, size, grade/specification.",False
NTPC,NTP5521,Stainless Steel Hex Bolt 10mm x 50mm,SAIL,STL2049,GI HEX BOLT M12-75,Fastener,0.6543,0.0,0.641,0.2732999920845032,LOW CONFIDENCE,"material, size, grade/specification","Semantic=0.654, Attribute=0.000, Lexical=0.641. Potential difference: material, size, grade/specification.",False
NTPC,NTP5521,Stainless Steel Hex Bolt 10mm x 50mm,BHEL,BHL1005,GI Hex Bolt M12 X 75,Fastener,0.6543,0.0,0.641,0.2732999920845032,LOW CONFIDENCE,"material, size, grade/specification","Semantic=0.654, Attribute=0.000, Lexical=0.641. Potential difference: material, size, grade/specification.",False
ONGC,ONG1102,Mild Steel Nut Size M10,NTPC,NTP5523,Stainless Steel Plain Washer 10mm,Fastener,0.6256,0.0,0.7333,0.2727999985218048,LOW CONFIDENCE,"material, size, grade/specification","Semantic=0.626, Attribute=0.000, Lexical=0.733. Potential difference: material, size, grade/specification.",False
NTPC,NTP5524,Stainless Steel Hex Bolt 10mm x 60mm,SAIL,STL2049,GI HEX BOLT M12-75,Fastener,0.6597,0.0,0.6154,0.27219998836517334,LOW CONFIDENCE,"material, size, grade/specification","Semantic=0.660, Attribute=0.000, Lexical=0.615. Potential difference: material, size, grade/specification.",False
ONGC,ONG1104,Stainless Steel Bolt M10 by 60,SAIL,STL2049,GI HEX BOLT M12-75,Fastener,0.6597,0.0,0.6154,0.27219998836517334,LOW CONFIDENCE,"material, size, grade/specification","Semantic=0.660, Attribute=0.000, Lexical=0.615. Potential difference: material, size, grade/specification.",False
ONGC,ONG1104,Stainless Steel Bolt M10 by 60,BHEL,BHL1005,GI Hex Bolt M12 X 75,Fastener,0.6597,0.0,0.6154,0.27219998836517334,LOW CONFIDENCE,"material, size, grade/specification","Semantic=0.660, Attribute=0.000, Lexical=0.615. Potential difference: material, size, grade/specification.",False
NTPC,NTP5524,Stainless Steel Hex Bolt 10mm x 60mm,BHEL,BHL1005,GI Hex Bolt M12 X 75,Fastener,0.6597,0.0,0.6154,0.27219998836517334,LOW CONFIDENCE,"material, size, grade/specification","Semantic=0.660, Attribute=0.000, Lexical=0.615. Potential difference: material, size, grade/specification.",False
BHEL,BHL1011,Gate Valve 80 NB Class 150,SAIL,STL4004,DI Butterfly Valve 100NB PN16,Valve,0.6886,0.0,0.5152,0.27160000801086426,LOW CONFIDENCE,"material, size, grade/specification","Semantic=0.689, Attribute=0.000, Lexical=0.515. Potential difference: material, size, grade/specification.",False
SAIL,STL4002,CS GATE VALVE 80NB CLASS150,BHEL,BHL1013,Butterfly Valve 100 NB PN16,Valve,0.6886,0.0,0.5152,0.27160000801086426,LOW CONFIDENCE,"material, size, grade/specification","Semantic=0.689, Attribute=0.000, Lexical=0.515. Potential difference: material, size, grade/specification.",False
BHEL,BHL1011,Gate Valve 80 NB Class 150,NTPC,NTP7704,100 NB Butterfly Valve PN 16,Valve,0.6886,0.0,0.5152,0.27160000801086426,LOW CONFIDENCE,"material, size, grade/specification","Semantic=0.689, Attribute=0.000, Lexical=0.515. Potential difference: material, size, grade/specification.",False
SAIL,STL4002,CS GATE VALVE 80NB CLASS150,NTPC,NTP7704,100 NB Butterfly Valve PN 16,Valve,0.6886,0.0,0.5152,0.27160000801086426,LOW CONFIDENCE,"material, size, grade/specification","Semantic=0.689, Attribute=0.000, Lexical=0.515. Potential difference: material, size, grade/specification.",False
SAIL,STL4002,CS GATE VALVE 80NB CLASS150,ONGC,ONG3304,Butterfly Valve Size 100 NB Pressure PN16,Valve,0.6886,0.0,0.5152,0.27160000801086426,LOW CONFIDENCE,"material, size, grade/specification","Semantic=0.689, Attribute=0.000, Lexical=0.515. Potential difference: material, size, grade/specification.",False
BHEL,BHL1011,Gate Valve 80 NB Class 150,ONGC,ONG3304,Butterfly Valve Size 100 NB Pressure PN16,Valve,0.6886,0.0,0.5152,0.27160000801086426,LOW CONFIDENCE,"material, size, grade/specification","Semantic=0.689, Attribute=0.000, Lexical=0.515. Potential difference: material, size, grade/specification.",False
ONGC,ONG3301,Carbon Steel Gate Valve 50 NB 150 Class,BHEL,BHL1013,Butterfly Valve 100 NB PN16,Valve,0.6718,0.0,0.5667,0.27090001106262207,LOW CONFIDENCE,"material, size, grade/specification","Semantic=0.672, Attribute=0.000, Lexical=0.567. Potential difference: material, size, grade/specification.",False
ONGC,ONG3301,Carbon Steel Gate Valve 50 NB 150 Class,NTPC,NTP7704,100 NB Butterfly Valve PN 16,Valve,0.6718,0.0,0.5667,0.27090001106262207,LOW CONFIDENCE,"material, size, grade/specification","Semantic=0.672, Attribute=0.000, Lexical=0.567. Potential difference: material, size, grade/specification.",False
ONGC,ONG3301,Carbon Steel Gate Valve 50 NB 150 Class,SAIL,STL4004,DI Butterfly Valve 100NB PN16,Valve,0.6718,0.0,0.5667,0.27090001106262207,LOW CONFIDENCE,"material, size, grade/specification","Semantic=0.672, Attribute=0.000, Lexical=0.567. Potential difference: material, size, grade/specification.",False
NTPC,NTP7701,50 NB Gate Valve Class 150,SAIL,STL4004,DI Butterfly Valve 100NB PN16,Valve,0.6658,0.0,0.5862,0.27079999446868896,LOW CONFIDENCE,"material, size, grade/specification","Semantic=0.666, Attribute=0.000, Lexical=0.586. Potential difference: material, size, grade/specification.",False
NTPC,NTP7701,50 NB Gate Valve Class 150,ONGC,ONG3304,Butterfly Valve Size 100 NB Pressure PN16,Valve,0.6658,0.0,0.5862,0.27079999446868896,LOW CONFIDENCE,"material, size, grade/specification","Semantic=0.666, Attribute=0.000, Lexical=0.586. Potential difference: material, size, grade/specification.",False
NTPC,NTP7701,50 NB Gate Valve Class 150,BHEL,BHL1013,Butterfly Valve 100 NB PN16,Valve,0.6658,0.0,0.5862,0.27079999446868896,LOW CONFIDENCE,"material, size, grade/specification","Semantic=0.666, Attribute=0.000, Lexical=0.586. Potential difference: material, size, grade/specification.",False
NTPC,NTP1102,Stainless Steel Seamless Pipe 25 NB Schedule 10,ONGC,ONG6603,Galvanised Pipe 40 NB Medium Class,Pipe,0.6688,0.0,0.5758,0.27079999446868896,LOW CONFIDENCE,"material, size, grade/specification","Semantic=0.669, Attribute=0.000, Lexical=0.576. Potential difference: material, size, grade/specification.",False
SAIL,STL7002,SS SEAMLESS PIPE DN25 SCH10,NTPC,NTP1103,40 NB Galvanized Iron Pipe Medium Grade,Pipe,0.6688,0.0,0.5758,0.27079999446868896,LOW CONFIDENCE,"material, size, grade/specification","Semantic=0.669, Attribute=0.000, Lexical=0.576. Potential difference: material, size, grade/specification.",False
SAIL,STL7002,SS SEAMLESS PIPE DN25 SCH10,ONGC,ONG6603,Galvanised Pipe 40 NB Medium Class,Pipe,0.6688,0.0,0.5758,0.27079999446868896,LOW CONFIDENCE,"material, size, grade/specification","Semantic=0.669, Attribute=0.000, Lexical=0.576. Potential difference: material, size, grade/specification.",False
ONGC,ONG3303,CS Globe Valve 25 NB 150 Class,BHEL,BHL1013,Butterfly Valve 100 NB PN16,Valve,0.6732,0.0,0.5333,0.26660001277923584,LOW CONFIDENCE,"material, size, grade/specification","Semantic=0.673, Attribute=0.000, Lexical=0.533. Potential difference: material, size, grade/specification.",False
ONGC,ONG3303,CS Globe Valve 25 NB 150 Class,SAIL,STL4004,DI Butterfly Valve 100NB PN16,Valve,0.6732,0.0,0.5333,0.26660001277923584,LOW CONFIDENCE,"material, size, grade/specification","Semantic=0.673, Attribute=0.000, Lexical=0.533. Potential difference: material, size, grade/specification.",False
ONGC,ONG3303,CS Globe Valve 25 NB 150 Class,NTPC,NTP7704,100 NB Butterfly Valve PN 16,Valve,0.6732,0.0,0.5333,0.26660001277923584,LOW CONFIDENCE,"material, size, grade/specification","Semantic=0.673, Attribute=0.000, Lexical=0.533. Potential difference: material, size, grade/specification.",False
NTPC,NTP7703,25 NB Globe Valve CL 150,ONGC,ONG3304,Butterfly Valve Size 100 NB Pressure PN16,Valve,0.6638,0.0,0.5517,0.2646999955177307,LOW CONFIDENCE,"material, size, grade/specification","Semantic=0.664, Attribute=0.000, Lexical=0.552. Potential difference: material, size, grade/specification.",False
NTPC,NTP7703,25 NB Globe Valve CL 150,BHEL,BHL1013,Butterfly Valve 100 NB PN16,Valve,0.6638,0.0,0.5517,0.2646999955177307,LOW CONFIDENCE,"material, size, grade/specification","Semantic=0.664, Attribute=0.000, Lexical=0.552. Potential difference: material, size, grade/specification.",False
NTPC,NTP7703,25 NB Globe Valve CL 150,SAIL,STL4004,DI Butterfly Valve 100NB PN16,Valve,0.6638,0.0,0.5517,0.2646999955177307,LOW CONFIDENCE,"material, size, grade/specification","Semantic=0.664, Attribute=0.000, Lexical=0.552. Potential difference: material, size, grade/specification.",False
BHEL,BHL1002,MS Hex Nut M10,NTPC,NTP5523,Stainless Steel Plain Washer 10mm,Fastener,0.6256,0.0,0.6667,0.262800008058548,LOW CONFIDENCE,"material, size, grade/specification","Semantic=0.626, Attribute=0.000, Lexical=0.667. Potential difference: material, size, grade/specification.",False
SAIL,STL2046,MS HEX NUT M10,NTPC,NTP5523,Stainless Steel Plain Washer 10mm,Fastener,0.6256,0.0,0.6667,0.262800008058548,LOW CONFIDENCE,"material, size, grade/specification","Semantic=0.626, Attribute=0.000, Lexical=0.667. Potential difference: material, size, grade/specification.",False
BHEL,BHL1001,SS Bolt M10 X 50,SAIL,STL2046,MS HEX NUT M10,Fastener,0.6044,0.0,0.7368,0.26269999146461487,LOW CONFIDENCE,"material, size, grade/specification","Semantic=0.604, Attribute=0.000, Lexical=0.737. Potential difference: material, size, grade/specification.",False
NTPC,NTP1102,Stainless Steel Seamless Pipe 25 NB Schedule 10,SAIL,STL7003,GI PIPE DN40 MEDIUM,Pipe,0.6659,0.0,0.5278,0.2621000111103058,LOW CONFIDENCE,"material, size, grade/specification","Semantic=0.666, Attribute=0.000, Lexical=0.528. Potential difference: material, size, grade/specification.",False
SAIL,STL7002,SS SEAMLESS PIPE DN25 SCH10,BHEL,BHL1021,GI Pipe 40 NB Medium Class,Pipe,0.6659,0.0,0.5278,0.2621000111103058,LOW CONFIDENCE,"material, size, grade/specification","Semantic=0.666, Attribute=0.000, Lexical=0.528. Potential difference: material, size, grade/specification.",False
NTPC,NTP1102,Stainless Steel Seamless Pipe 25 NB Schedule 10,BHEL,BHL1021,GI Pipe 40 NB Medium Class,Pipe,0.6659,0.0,0.5278,0.2621000111103058,LOW CONFIDENCE,"material, size, grade/specification","Semantic=0.666, Attribute=0.000, Lexical=0.528. Potential difference: material, size, grade/specification.",False
SAIL,STL2046,MS HEX NUT M10,BHEL,BHL1004,SS Bolt M10 X 60,Fastener,0.596,0.0,0.7368,0.25850000977516174,LOW CONFIDENCE,"material, size, grade/specification","Semantic=0.596, Attribute=0.000, Lexical=0.737. Potential difference: material, size, grade/specification.",False
BHEL,BHL1002,MS Hex Nut M10,SAIL,STL2048,SS HEX BOLT M10-60,Fastener,0.596,0.0,0.7368,0.25850000977516174,LOW CONFIDENCE,"material, size, grade/specification","Semantic=0.596, Attribute=0.000, Lexical=0.737. Potential difference: material, size, grade/specification.",False
BHEL,BHL1001,SS Bolt M10 X 50,NTPC,NTP5525,Galvanized Hexagonal Bolt 12mm x 75mm,Fastener,0.6293,0.0,0.625,0.25839999318122864,LOW CONFIDENCE,"material, size, grade/specification","Semantic=0.629, Attribute=0.000, Lexical=0.625. Potential difference: material, size, grade/specification.",False
BHEL,BHL1001,SS Bolt M10 X 50,ONGC,ONG1105,Galvanised Steel Bolt M12 75mm,Fastener,0.6293,0.0,0.625,0.25839999318122864,LOW CONFIDENCE,"material, size, grade/specification","Semantic=0.629, Attribute=0.000, Lexical=0.625. Potential difference: material, size, grade/specification.",False
SAIL,STL4001,CS Gate Valve 50NB CL150,ONGC,ONG3304,Butterfly Valve Size 100 NB Pressure PN16,Valve,0.6615,0.0,0.5152,0.257999986410141,LOW CONFIDENCE,"material, size, grade/specification","Semantic=0.662, Attribute=0.000, Lexical=0.515. Potential difference: material, size, grade/specification.",False
BHEL,BHL1010,Gate Valve 50 NB Class 150,ONGC,ONG3304,Butterfly Valve Size 100 NB Pressure PN16,Valve,0.6615,0.0,0.5152,0.257999986410141,LOW CONFIDENCE,"material, size, grade/specification","Semantic=0.662, Attribute=0.000, Lexical=0.515. Potential difference: material, size, grade/specification.",False
BHEL,BHL1010,Gate Valve 50 NB Class 150,SAIL,STL4004,DI Butterfly Valve 100NB PN16,Valve,0.6615,0.0,0.5152,0.257999986410141,LOW CONFIDENCE,"material, size, grade/specification","Semantic=0.662, Attribute=0.000, Lexical=0.515. Potential difference: material, size, grade/specification.",False
SAIL,STL4001,CS Gate Valve 50NB CL150,NTPC,NTP7704,100 NB Butterfly Valve PN 16,Valve,0.6615,0.0,0.5152,0.257999986410141,LOW CONFIDENCE,"material, size, grade/specification","Semantic=0.662, Attribute=0.000, Lexical=0.515. Potential difference: material, size, grade/specification.",False
SAIL,STL4001,CS Gate Valve 50NB CL150,BHEL,BHL1013,Butterfly Valve 100 NB PN16,Valve,0.6615,0.0,0.5152,0.257999986410141,LOW CONFIDENCE,"material, size, grade/specification","Semantic=0.662, Attribute=0.000, Lexical=0.515. Potential difference: material, size, grade/specification.",False
BHEL,BHL1010,Gate Valve 50 NB Class 150,NTPC,NTP7704,100 NB Butterfly Valve PN 16,Valve,0.6615,0.0,0.5152,0.257999986410141,LOW CONFIDENCE,"material, size, grade/specification","Semantic=0.662, Attribute=0.000, Lexical=0.515. Potential difference: material, size, grade/specification.",False
ONGC,ONG1102,Mild Steel Nut Size M10,NTPC,NTP5525,Galvanized Hexagonal Bolt 12mm x 75mm,Fastener,0.62,0.0,0.6452,0.25679999589920044,LOW CONFIDENCE,"material, size, grade/specification","Semantic=0.620, Attribute=0.000, Lexical=0.645. Potential difference: material, size, grade/specification.",False
SAIL,STL2048,SS HEX BOLT M10-60,NTPC,NTP5525,Galvanized Hexagonal Bolt 12mm x 75mm,Fastener,0.6332,0.0,0.6,0.2565999925136566,LOW CONFIDENCE,"material, size, grade/specification","Semantic=0.633, Attribute=0.000, Lexical=0.600. Potential difference: material, size, grade/specification.",False
BHEL,BHL1004,SS Bolt M10 X 60,ONGC,ONG1105,Galvanised Steel Bolt M12 75mm,Fastener,0.6332,0.0,0.6,0.2565999925136566,LOW CONFIDENCE,"material, size, grade/specification","Semantic=0.633, Attribute=0.000, Lexical=0.600. Potential difference: material, size, grade/specification.",False
BHEL,BHL1004,SS Bolt M10 X 60,NTPC,NTP5525,Galvanized Hexagonal Bolt 12mm x 75mm,Fastener,0.6332,0.0,0.6,0.2565999925136566,LOW CONFIDENCE,"material, size, grade/specification","Semantic=0.633, Attribute=0.000, Lexical=0.600. Potential difference: material, size, grade/specification.",False
SAIL,STL2048,SS HEX BOLT M10-60,ONGC,ONG1105,Galvanised Steel Bolt M12 75mm,Fastener,0.6332,0.0,0.6,0.2565999925136566,LOW CONFIDENCE,"material, size, grade/specification","Semantic=0.633, Attribute=0.000, Lexical=0.600. Potential difference: material, size, grade/specification.",False
ONGC,ONG1102,Mild Steel Nut Size M10,BHEL,BHL1005,GI Hex Bolt M12 X 75,Fastener,0.6346,0.0,0.5882,0.2554999887943268,LOW CONFIDENCE,"material, size, grade/specification","Semantic=0.635, Attribute=0.000, Lexical=0.588. Potential difference: material, size, grade/specification.",False
ONGC,ONG1102,Mild Steel Nut Size M10,SAIL,STL2049,GI HEX BOLT M12-75,Fastener,0.6346,0.0,0.5882,0.2554999887943268,LOW CONFIDENCE,"material, size, grade/specification","Semantic=0.635, Attribute=0.000, Lexical=0.588. Potential difference: material, size, grade/specification.",False
SAIL,STL2045,SS HEX BOLT M10-50,BHEL,BHL1002,MS Hex Nut M10,Fastener,0.592,0.0,0.7273,0.2551000118255615,LOW CONFIDENCE,"material, size, grade/specification","Semantic=0.592, Attribute=0.000, Lexical=0.727. Potential difference: material, size, grade/specification.",False
SAIL,STL2045,SS HEX BOLT M10-50,NTPC,NTP5525,Galvanized Hexagonal Bolt 12mm x 75mm,Fastener,0.624,0.0,0.6173,0.25459998846054077,LOW CONFIDENCE,"material, size, grade/specification","Semantic=0.624, Attribute=0.000, Lexical=0.617. Potential difference: material, size, grade/specification.",False
SAIL,STL2045,SS HEX BOLT M10-50,ONGC,ONG1105,Galvanised Steel Bolt M12 75mm,Fastener,0.624,0.0,0.6173,0.25459998846054077,LOW CONFIDENCE,"material, size, grade/specification","Semantic=0.624, Attribute=0.000, Lexical=0.617. Potential difference: material, size, grade/specification.",False
BHEL,BHL1002,MS Hex Nut M10,ONGC,ONG1105,Galvanised Steel Bolt M12 75mm,Fastener,0.6299,0.0,0.5882,0.2531999945640564,LOW CONFIDENCE,"material, size, grade/specification","Semantic=0.630, Attribute=0.000, Lexical=0.588. Potential difference: material, size, grade/specification.",False
SAIL,STL2046,MS HEX NUT M10,NTPC,NTP5525,Galvanized Hexagonal Bolt 12mm x 75mm,Fastener,0.6299,0.0,0.5882,0.2531999945640564,LOW CONFIDENCE,"material, size, grade/specification","Semantic=0.630, Attribute=0.000, Lexical=0.588. Potential difference: material, size, grade/specification.",False
SAIL,STL2046,MS HEX NUT M10,ONGC,ONG1105,Galvanised Steel Bolt M12 75mm,Fastener,0.6299,0.0,0.5882,0.2531999945640564,LOW CONFIDENCE,"material, size, grade/specification","Semantic=0.630, Attribute=0.000, Lexical=0.588. Potential difference: material, size, grade/specification.",False
BHEL,BHL1002,MS Hex Nut M10,NTPC,NTP5525,Galvanized Hexagonal Bolt 12mm x 75mm,Fastener,0.6299,0.0,0.5882,0.2531999945640564,LOW CONFIDENCE,"material, size, grade/specification","Semantic=0.630, Attribute=0.000, Lexical=0.588. Potential difference: material, size, grade/specification.",False
SAIL,STL4003,Carbon Steel Globe Valve 25NB Class150,BHEL,BHL1013,Butterfly Valve 100 NB PN16,Valve,0.6603,0.0,0.4848,0.25290000438690186,LOW CONFIDENCE,"material, size, grade/specification","Semantic=0.660, Attribute=0.000, Lexical=0.485. Potential difference: material, size, grade/specification.",False
SAIL,STL4003,Carbon Steel Globe Valve 25NB Class150,ONGC,ONG3304,Butterfly Valve Size 100 NB Pressure PN16,Valve,0.6603,0.0,0.4848,0.25290000438690186,LOW CONFIDENCE,"material, size, grade/specification","Semantic=0.660, Attribute=0.000, Lexical=0.485. Potential difference: material, size, grade/specification.",False
SAIL,STL4003,Carbon Steel Globe Valve 25NB Class150,NTPC,NTP7704,100 NB Butterfly Valve PN 16,Valve,0.6603,0.0,0.4848,0.25290000438690186,LOW CONFIDENCE,"material, size, grade/specification","Semantic=0.660, Attribute=0.000, Lexical=0.485. Potential difference: material, size, grade/specification.",False
BHEL,BHL1012,Globe Valve 25 NB Class 150,SAIL,STL4004,DI Butterfly Valve 100NB PN16,Valve,0.6603,0.0,0.4848,0.25290000438690186,LOW CONFIDENCE,"material, size, grade/specification","Semantic=0.660, Attribute=0.000, Lexical=0.485. Potential difference: material, size, grade/specification.",False
BHEL,BHL1012,Globe Valve 25 NB Class 150,ONGC,ONG3304,Butterfly Valve Size 100 NB Pressure PN16,Valve,0.6603,0.0,0.4848,0.25290000438690186,LOW CONFIDENCE,"material, size, grade/specification","Semantic=0.660, Attribute=0.000, Lexical=0.485. Potential difference: material, size, grade/specification.",False
BHEL,BHL1012,Globe Valve 25 NB Class 150,NTPC,NTP7704,100 NB Butterfly Valve PN 16,Valve,0.6603,0.0,0.4848,0.25290000438690186,LOW CONFIDENCE,"material, size, grade/specification","Semantic=0.660, Attribute=0.000, Lexical=0.485. Potential difference: material, size, grade/specification.",False
NTPC,NTP5523,Stainless Steel Plain Washer 10mm,ONGC,ONG1105,Galvanised Steel Bolt M12 75mm,Fastener,0.6156,0.0,0.6286,0.25209999084472656,LOW CONFIDENCE,"material, size, grade/specification","Semantic=0.616, Attribute=0.000, Lexical=0.629. Potential difference: material, size, grade/specification.",False
NTPC,NTP5523,Stainless Steel Plain Washer 10mm,SAIL,STL2049,GI HEX BOLT M12-75,Fastener,0.6257,0.0,0.5789,0.24969999492168427,LOW CONFIDENCE,"material, size, grade/specification","Semantic=0.626, Attribute=0.000, Lexical=0.579. Potential difference: material, size, grade/specification.",False
NTPC,NTP5523,Stainless Steel Plain Washer 10mm,BHEL,BHL1005,GI Hex Bolt M12 X 75,Fastener,0.6257,0.0,0.5789,0.24969999492168427,LOW CONFIDENCE,"material, size, grade/specification","Semantic=0.626, Attribute=0.000, Lexical=0.579. Potential difference: material, size, grade/specification.",False
SAIL,STL2047,SS WASHER M10 FLAT,BHEL,BHL1005,GI Hex Bolt M12 X 75,Fastener,0.5945,0.0,0.6585,0.2460000067949295,LOW CONFIDENCE,"material, size, grade/specification","Semantic=0.595, Attribute=0.000, Lexical=0.659. Potential difference: material, size, grade/specification.",False
ONGC,ONG1103,SS Plain Washer M10,BHEL,BHL1005,GI Hex Bolt M12 X 75,Fastener,0.5945,0.0,0.6585,0.2460000067949295,LOW CONFIDENCE,"material, size, grade/specification","Semantic=0.595, Attribute=0.000, Lexical=0.659. Potential difference: material, size, grade/specification.",False
BHEL,BHL1003,SS Flat Washer M10,SAIL,STL2049,GI HEX BOLT M12-75,Fastener,0.5945,0.0,0.6585,0.2460000067949295,LOW CONFIDENCE,"material, size, grade/specification","Semantic=0.595, Attribute=0.000, Lexical=0.659. Potential difference: material, size, grade/specification.",False
ONGC,ONG1103,SS Plain Washer M10,SAIL,STL2049,GI HEX BOLT M12-75,Fastener,0.5945,0.0,0.6585,0.2460000067949295,LOW CONFIDENCE,"material, size, grade/specification","Semantic=0.595, Attribute=0.000, Lexical=0.659. Potential difference: material, size, grade/specification.",False
BHEL,BHL1001,SS Bolt M10 X 50,ONGC,ONG1102,Mild Steel Nut Size M10,Fastener,0.5949,0.0,0.6286,0.24169999361038208,LOW CONFIDENCE,"material, size, grade/specification","Semantic=0.595, Attribute=0.000, Lexical=0.629. Potential difference: material, size, grade/specification.",False
ONGC,ONG1102,Mild Steel Nut Size M10,SAIL,STL2048,SS HEX BOLT M10-60,Fastener,0.5874,0.0,0.6286,0.23800000548362732,LOW CONFIDENCE,"material, size, grade/specification","Semantic=0.587, Attribute=0.000, Lexical=0.629. Potential difference: material, size, grade/specification.",False
ONGC,ONG1102,Mild Steel Nut Size M10,BHEL,BHL1004,SS Bolt M10 X 60,Fastener,0.5874,0.0,0.6286,0.23800000548362732,LOW CONFIDENCE,"material, size, grade/specification","Semantic=0.587, Attribute=0.000, Lexical=0.629. Potential difference: material, size, grade/specification.",False
SAIL,STL2045,SS HEX BOLT M10-50,ONGC,ONG1102,Mild Steel Nut Size M10,Fastener,0.5804,0.0,0.6197,0.23309999704360962,LOW CONFIDENCE,"material, size, grade/specification","Semantic=0.580, Attribute=0.000, Lexical=0.620. Potential difference: material, size, grade/specification.",False
NTPC,NTP5521,Stainless Steel Hex Bolt 10mm x 50mm,ONGC,ONG1102,Mild Steel Nut Size M10,Fastener,0.5617,0.0,0.6774,0.23240000009536743,LOW CONFIDENCE,"material, size, grade/specification","Semantic=0.562, Attribute=0.000, Lexical=0.677. Potential difference: material, size, grade/specification.",False
ONGC,ONG1102,Mild Steel Nut Size M10,NTPC,NTP5524,Stainless Steel Hex Bolt 10mm x 60mm,Fastener,0.5584,0.0,0.6774,0.23080000281333923,LOW CONFIDENCE,"material, size, grade/specification","Semantic=0.558, Attribute=0.000, Lexical=0.677. Potential difference: material, size, grade/specification.",False
ONGC,ONG1101,Stainless Steel Bolt M10 by 50,SAIL,STL2046,MS HEX NUT M10,Fastener,0.5683,0.0,0.6176,0.22679999470710754,LOW CONFIDENCE,"material, size, grade/specification","Semantic=0.568, Attribute=0.000, Lexical=0.618. Potential difference: material, size, grade/specification.",False
NTPC,NTP5521,Stainless Steel Hex Bolt 10mm x 50mm,BHEL,BHL1002,MS Hex Nut M10,Fastener,0.5683,0.0,0.6176,0.22679999470710754,LOW CONFIDENCE,"material, size, grade/specification","Semantic=0.568, Attribute=0.000, Lexical=0.618. Potential difference: material, size, grade/specification.",False
NTPC,NTP5521,Stainless Steel Hex Bolt 10mm x 50mm,SAIL,STL2046,MS HEX NUT M10,Fastener,0.5683,0.0,0.6176,0.22679999470710754,LOW CONFIDENCE,"material, size, grade/specification","Semantic=0.568, Attribute=0.000, Lexical=0.618. Potential difference: material, size, grade/specification.",False
ONGC,ONG1101,Stainless Steel Bolt M10 by 50,BHEL,BHL1002,MS Hex Nut M10,Fastener,0.5683,0.0,0.6176,0.22679999470710754,LOW CONFIDENCE,"material, size, grade/specification","Semantic=0.568, Attribute=0.000, Lexical=0.618. Potential difference: material, size, grade/specification.",False
ONGC,ONG1103,SS Plain Washer M10,NTPC,NTP5525,Galvanized Hexagonal Bolt 12mm x 75mm,Fastener,0.5826,0.0,0.5526,0.22419999539852142,LOW CONFIDENCE,"material, size, grade/specification","Semantic=0.583, Attribute=0.000, Lexical=0.553. Potential difference: material, size, grade/specification.",False
BHEL,BHL1003,SS Flat Washer M10,ONGC,ONG1105,Galvanised Steel Bolt M12 75mm,Fastener,0.5826,0.0,0.5526,0.22419999539852142,LOW CONFIDENCE,"material, size, grade/specification","Semantic=0.583, Attribute=0.000, Lexical=0.553. Potential difference: material, size, grade/specification.",False
SAIL,STL2047,SS WASHER M10 FLAT,ONGC,ONG1105,Galvanised Steel Bolt M12 75mm,Fastener,0.5826,0.0,0.5526,0.22419999539852142,LOW CONFIDENCE,"material, size, grade/specification","Semantic=0.583, Attribute=0.000, Lexical=0.553. Potential difference: material, size, grade/specification.",False
BHEL,BHL1003,SS Flat Washer M10,NTPC,NTP5525,Galvanized Hexagonal Bolt 12mm x 75mm,Fastener,0.5826,0.0,0.5526,0.22419999539852142,LOW CONFIDENCE,"material, size, grade/specification","Semantic=0.583, Attribute=0.000, Lexical=0.553. Potential difference: material, size, grade/specification.",False
SAIL,STL2047,SS WASHER M10 FLAT,NTPC,NTP5525,Galvanized Hexagonal Bolt 12mm x 75mm,Fastener,0.5826,0.0,0.5526,0.22419999539852142,LOW CONFIDENCE,"material, size, grade/specification","Semantic=0.583, Attribute=0.000, Lexical=0.553. Potential difference: material, size, grade/specification.",False
SAIL,STL2046,MS HEX NUT M10,ONGC,ONG1104,Stainless Steel Bolt M10 by 60,Fastener,0.5631,0.0,0.6176,0.22419999539852142,LOW CONFIDENCE,"material, size, grade/specification","Semantic=0.563, Attribute=0.000, Lexical=0.618. Potential difference: material, size, grade/specification.",False
SAIL,STL2046,MS HEX NUT M10,NTPC,NTP5524,Stainless Steel Hex Bolt 10mm x 60mm,Fastener,0.5631,0.0,0.6176,0.22419999539852142,LOW CONFIDENCE,"material, size, grade/specification","Semantic=0.563, Attribute=0.000, Lexical=0.618. Potential difference: material, size, grade/specification.",False
BHEL,BHL1002,MS Hex Nut M10,NTPC,NTP5524,Stainless Steel Hex Bolt 10mm x 60mm,Fastener,0.5631,0.0,0.6176,0.22419999539852142,LOW CONFIDENCE,"material, size, grade/specification","Semantic=0.563, Attribute=0.000, Lexical=0.618. Potential difference: material, size, grade/specification.",False
BHEL,BHL1002,MS Hex Nut M10,ONGC,ONG1104,Stainless Steel Bolt M10 by 60,Fastener,0.5631,0.0,0.6176,0.22419999539852142,LOW CONFIDENCE,"material, size, grade/specification","Semantic=0.563, Attribute=0.000, Lexical=0.618. Potential difference: material, size, grade/specification.",False
NTPC,NTP9902,16 Sq MM Aluminium Power Cable,ONGC,ONG5503,FRLS Cu Cable 4 Square MM,Cable,0.5908,0.0,0.52,0.22339999675750732,LOW CONFIDENCE,"material, size, grade/specification","Semantic=0.591, Attribute=0.000, Lexical=0.520. Potential difference: material, size, grade/specification.",False
BHEL,BHL1017,Aluminium Cable 16 Sqmm,NTPC,NTP9903,4 Sq MM Copper FRLS Cable,Cable,0.5908,0.0,0.52,0.22339999675750732,LOW CONFIDENCE,"material, size, grade/specification","Semantic=0.591, Attribute=0.000, Lexical=0.520. Potential difference: material, size, grade/specification.",False
BHEL,BHL1017,Aluminium Cable 16 Sqmm,SAIL,STL6003,Copper Cable 4mm2 Flame Retardant Low Smoke,Cable,0.5908,0.0,0.52,0.22339999675750732,LOW CONFIDENCE,"material, size, grade/specification","Semantic=0.591, Attribute=0.000, Lexical=0.520. Potential difference: material, size, grade/specification.",False
ONGC,ONG5502,16 Square MM Aluminium XLPE Cable,SAIL,STL6003,Copper Cable 4mm2 Flame Retardant Low Smoke,Cable,0.5908,0.0,0.52,0.22339999675750732,LOW CONFIDENCE,"material, size, grade/specification","Semantic=0.591, Attribute=0.000, Lexical=0.520. Potential difference: material, size, grade/specification.",False
SAIL,STL6002,Aluminium Cable 16mm2 XLPE,BHEL,BHL1018,FRLS Copper Cable 4 Sqmm,Cable,0.5908,0.0,0.52,0.22339999675750732,LOW CONFIDENCE,"material, size, grade/specification","Semantic=0.591, Attribute=0.000, Lexical=0.520. Potential difference: material, size, grade/specification.",False
SAIL,STL6002,Aluminium Cable 16mm2 XLPE,NTPC,NTP9903,4 Sq MM Copper FRLS Cable,Cable,0.5908,0.0,0.52,0.22339999675750732,LOW CONFIDENCE,"material, size, grade/specification","Semantic=0.591, Attribute=0.000, Lexical=0.520. Potential difference: material, size, grade/specification.",False
SAIL,STL6002,Aluminium Cable 16mm2 XLPE,ONGC,ONG5503,FRLS Cu Cable 4 Square MM,Cable,0.5908,0.0,0.52,0.22339999675750732,LOW CONFIDENCE,"material, size, grade/specification","Semantic=0.591, Attribute=0.000, Lexical=0.520. Potential difference: material, size, grade/specification.",False
ONGC,ONG5502,16 Square MM Aluminium XLPE Cable,BHEL,BHL1018,FRLS Copper Cable 4 Sqmm,Cable,0.5908,0.0,0.52,0.22339999675750732,LOW CONFIDENCE,"material, size, grade/specification","Semantic=0.591, Attribute=0.000, Lexical=0.520. Potential difference: material, size, grade/specification.",False
ONGC,ONG5502,16 Square MM Aluminium XLPE Cable,NTPC,NTP9903,4 Sq MM Copper FRLS Cable,Cable,0.5908,0.0,0.52,0.22339999675750732,LOW CONFIDENCE,"material, size, grade/specification","Semantic=0.591, Attribute=0.000, Lexical=0.520. Potential difference: material, size, grade/specification.",False
NTPC,NTP9902,16 Sq MM Aluminium Power Cable,BHEL,BHL1018,FRLS Copper Cable 4 Sqmm,Cable,0.5908,0.0,0.52,0.22339999675750732,LOW CONFIDENCE,"material, size, grade/specification","Semantic=0.591, Attribute=0.000, Lexical=0.520. Potential difference: material, size, grade/specification.",False
NTPC,NTP9902,16 Sq MM Aluminium Power Cable,SAIL,STL6003,Copper Cable 4mm2 Flame Retardant Low Smoke,Cable,0.5908,0.0,0.52,0.22339999675750732,LOW CONFIDENCE,"material, size, grade/specification","Semantic=0.591, Attribute=0.000, Lexical=0.520. Potential difference: material, size, grade/specification.",False
BHEL,BHL1017,Aluminium Cable 16 Sqmm,ONGC,ONG5503,FRLS Cu Cable 4 Square MM,Cable,0.5908,0.0,0.52,0.22339999675750732,LOW CONFIDENCE,"material, size, grade/specification","Semantic=0.591, Attribute=0.000, Lexical=0.520. Potential difference: material, size, grade/specification.",False
ONGC,ONG5501,2.5 Square MM Copper Cable,NTPC,NTP9902,16 Sq MM Aluminium Power Cable,Cable,0.5926,0.0,0.48,0.218299999833107,LOW CONFIDENCE,"material, size, grade/specification","Semantic=0.593, Attribute=0.000, Lexical=0.480. Potential difference: material, size, grade/specification.",False
BHEL,BHL1016,Copper Cable 2.5 Sqmm,NTPC,NTP9902,16 Sq MM Aluminium Power Cable,Cable,0.5926,0.0,0.48,0.218299999833107,LOW CONFIDENCE,"material, size, grade/specification","Semantic=0.593, Attribute=0.000, Lexical=0.480. Potential difference: material, size, grade/specification.",False
BHEL,BHL1016,Copper Cable 2.5 Sqmm,SAIL,STL6002,Aluminium Cable 16mm2 XLPE,Cable,0.5926,0.0,0.48,0.218299999833107,LOW CONFIDENCE,"material, size, grade/specification","Semantic=0.593, Attribute=0.000, Lexical=0.480. Potential difference: material, size, grade/specification.",False
ONGC,ONG5501,2.5 Square MM Copper Cable,SAIL,STL6002,Aluminium Cable 16mm2 XLPE,Cable,0.5926,0.0,0.48,0.218299999833107,LOW CONFIDENCE,"material, size, grade/specification","Semantic=0.593, Attribute=0.000, Lexical=0.480. Potential difference: material, size, grade/specification.",False
SAIL,STL6001,Copper Wire Cable 2.5mm2,BHEL,BHL1017,Aluminium Cable 16 Sqmm,Cable,0.5926,0.0,0.48,0.218299999833107,LOW CONFIDENCE,"material, size, grade/specification","Semantic=0.593, Attribute=0.000, Lexical=0.480. Potential difference: material, size, grade/specification.",False
SAIL,STL6001,Copper Wire Cable 2.5mm2,NTPC,NTP9902,16 Sq MM Aluminium Power Cable,Cable,0.5926,0.0,0.48,0.218299999833107,LOW CONFIDENCE,"material, size, grade/specification","Semantic=0.593, Attribute=0.000, Lexical=0.480. Potential difference: material, size, grade/specification.",False
SAIL,STL6001,Copper Wire Cable 2.5mm2,ONGC,ONG5502,16 Square MM Aluminium XLPE Cable,Cable,0.5926,0.0,0.48,0.218299999833107,LOW CONFIDENCE,"material, size, grade/specification","Semantic=0.593, Attribute=0.000, Lexical=0.480. Potential difference: material, size, grade/specification.",False
ONGC,ONG5501,2.5 Square MM Copper Cable,BHEL,BHL1017,Aluminium Cable 16 Sqmm,Cable,0.5926,0.0,0.48,0.218299999833107,LOW CONFIDENCE,"material, size, grade/specification","Semantic=0.593, Attribute=0.000, Lexical=0.480. Potential difference: material, size, grade/specification.",False
NTPC,NTP9901,2.5 sq mm Copper Electrical Cable,BHEL,BHL1017,Aluminium Cable 16 Sqmm,Cable,0.5926,0.0,0.48,0.218299999833107,LOW CONFIDENCE,"material, size, grade/specification","Semantic=0.593, Attribute=0.000, Lexical=0.480. Potential difference: material, size, grade/specification.",False
NTPC,NTP9901,2.5 sq mm Copper Electrical Cable,ONGC,ONG5502,16 Square MM Aluminium XLPE Cable,Cable,0.5926,0.0,0.48,0.218299999833107,LOW CONFIDENCE,"material, size, grade/specification","Semantic=0.593, Attribute=0.000, Lexical=0.480. Potential difference: material, size, grade/specification.",False
BHEL,BHL1016,Copper Cable 2.5 Sqmm,ONGC,ONG5502,16 Square MM Aluminium XLPE Cable,Cable,0.5926,0.0,0.48,0.218299999833107,LOW CONFIDENCE,"material, size, grade/specification","Semantic=0.593, Attribute=0.000, Lexical=0.480. Potential difference: material, size, grade/specification.",False
NTPC,NTP9901,2.5 sq mm Copper Electrical Cable,SAIL,STL6002,Aluminium Cable 16mm2 XLPE,Cable,0.5926,0.0,0.48,0.218299999833107,LOW CONFIDENCE,"material, size, grade/specification","Semantic=0.593, Attribute=0.000, Lexical=0.480. Potential difference: material, size, grade/specification.",False
NTPC,NTP4401,EP2 Lithium Base Grease,ONGC,ONG9902,Gear Oil VG 220 Industrial,Lubricant,0.5616,0.0,0.5818,0.21809999644756317,LOW CONFIDENCE,"material, size, grade/specification","Semantic=0.562, Attribute=0.000, Lexical=0.582. Potential difference: material, size, grade/specification.",False
ONGC,ONG9901,EP-2 Lithium Grease,SAIL,STL10002,Industrial Gear Oil Grade 220,Lubricant,0.5686,0.0,0.5152,0.21160000562667847,LOW CONFIDENCE,"material, size, grade/specification","Semantic=0.569, Attribute=0.000, Lexical=0.515. Potential difference: material, size, grade/specification.",False
ONGC,ONG9901,EP-2 Lithium Grease,NTPC,NTP4402,Gear Lubricating Oil ISO VG 220,Lubricant,0.5762,0.0,0.4762,0.2094999998807907,LOW CONFIDENCE,"material, size, grade/specification","Semantic=0.576, Attribute=0.000, Lexical=0.476. Potential difference: material, size, grade/specification.",False
SAIL,STL10001,Lithium Grease NLGI 2 EP2,ONGC,ONG9902,Gear Oil VG 220 Industrial,Lubricant,0.5449,0.0,0.5085,0.19869999587535858,LOW CONFIDENCE,"material, size, grade/specification","Semantic=0.545, Attribute=0.000, Lexical=0.508. Potential difference: material, size, grade/specification.",False
ONGC,ONG9901,EP-2 Lithium Grease,BHEL,BHL1027,Industrial Gear Oil 220,Lubricant,0.5552,0.0,0.4688,0.19789999723434448,LOW CONFIDENCE,"material, size, grade/specification","Semantic=0.555, Attribute=0.000, Lexical=0.469. Potential difference: material, size, grade/specification.",False
NTPC,NTP4401,EP2 Lithium Base Grease,SAIL,STL10002,Industrial Gear Oil Grade 220,Lubricant,0.5461,0.0,0.4848,0.19580000638961792,LOW CONFIDENCE,"material, size, grade/specification","Semantic=0.546, Attribute=0.000, Lexical=0.485. Potential difference: material, size, grade/specification.",False
SAIL,STL10001,Lithium Grease NLGI 2 EP2,NTPC,NTP4402,Gear Lubricating Oil ISO VG 220,Lubricant,0.5407,0.0,0.4776,0.19200000166893005,LOW CONFIDENCE,"material, size, grade/specification","Semantic=0.541, Attribute=0.000, Lexical=0.478. Potential difference: material, size, grade/specification.",False
BHEL,BHL1026,Lithium Grease EP2,SAIL,STL10002,Industrial Gear Oil Grade 220,Lubricant,0.5393,0.0,0.4789,0.1914999932050705,LOW CONFIDENCE,"material, size, grade/specification","Semantic=0.539, Attribute=0.000, Lexical=0.479. Potential difference: material, size, grade/specification.",False
BHEL,BHL1026,Lithium Grease EP2,ONGC,ONG9902,Gear Oil VG 220 Industrial,Lubricant,0.5529,0.0,0.4333,0.19140000641345978,LOW CONFIDENCE,"material, size, grade/specification","Semantic=0.553, Attribute=0.000, Lexical=0.433. Potential difference: material, size, grade/specification.",False
BHEL,BHL1026,Lithium Grease EP2,NTPC,NTP4402,Gear Lubricating Oil ISO VG 220,Lubricant,0.5479,0.0,0.4412,0.19009999930858612,LOW CONFIDENCE,"material, size, grade/specification","Semantic=0.548, Attribute=0.000, Lexical=0.441. Potential difference: material, size, grade/specification.",False
NTPC,NTP4401,EP2 Lithium Base Grease,BHEL,BHL1027,Industrial Gear Oil 220,Lubricant,0.5298,0.0,0.5,0.1898999959230423,LOW CONFIDENCE,"material, size, grade/specification","Semantic=0.530, Attribute=0.000, Lexical=0.500. Potential difference: material, size, grade/specification.",False
SAIL,STL10001,Lithium Grease NLGI 2 EP2,BHEL,BHL1027,Industrial Gear Oil 220,Lubricant,0.52,0.0,0.5,0.1850000023841858,LOW CONFIDENCE,"material, size, grade/specification","Semantic=0.520, Attribute=0.000, Lexical=0.500. Potential difference: material, size, grade/specification.",False
ONGC,ONG4401,EPDM Rubber Gasket Size 50 NB,SAIL,STL5002,Spiral Wound Gasket DN100,Gasket,0.3237,0.0,0.4545,0.07999999821186066,LOW CONFIDENCE,"material, size, grade/specification","Semantic=0.324, Attribute=0.000, Lexical=0.455. Potential difference: material, size, grade/specification.",False
NTPC,NTP8801,50 NB EPDM Gasket,SAIL,STL5002,Spiral Wound Gasket DN100,Gasket,0.3237,0.0,0.4545,0.07999999821186066,LOW CONFIDENCE,"material, size, grade/specification","Semantic=0.324, Attribute=0.000, Lexical=0.455. Potential difference: material, size, grade/specification.",False
BHEL,BHL1014,EPDM Rubber Gasket 50 NB,SAIL,STL5002,Spiral Wound Gasket DN100,Gasket,0.3279,0.0,0.411,0.07559999823570251,LOW CONFIDENCE,"material, size, grade/specification","Semantic=0.328, Attribute=0.000, Lexical=0.411. Potential difference: material, size, grade/specification.",False
SAIL,STL5001,EPDM GASKET 50NB,NTPC,NTP8802,100 NB Spiral Wound Graphite Gasket,Gasket,0.31,0.0,0.425,0.06870000064373016,LOW CONFIDENCE,"material, size, grade/specification","Semantic=0.310, Attribute=0.000, Lexical=0.425. Potential difference: material, size, grade/specification.",False
BHEL,BHL1014,EPDM Rubber Gasket 50 NB,NTPC,NTP8802,100 NB Spiral Wound Graphite Gasket,Gasket,0.31,0.0,0.425,0.06870000064373016,LOW CONFIDENCE,"material, size, grade/specification","Semantic=0.310, Attribute=0.000, Lexical=0.425. Potential difference: material, size, grade/specification.",False
BHEL,BHL1014,EPDM Rubber Gasket 50 NB,ONGC,ONG4402,Spiral Wound Gasket 100 NB Graphite,Gasket,0.31,0.0,0.425,0.06870000064373016,LOW CONFIDENCE,"material, size, grade/specification","Semantic=0.310, Attribute=0.000, Lexical=0.425. Potential difference: material, size, grade/specification.",False
SAIL,STL5001,EPDM GASKET 50NB,ONGC,ONG4402,Spiral Wound Gasket 100 NB Graphite,Gasket,0.31,0.0,0.425,0.06870000064373016,LOW CONFIDENCE,"material, size, grade/specification","Semantic=0.310, Attribute=0.000, Lexical=0.425. Potential difference: material, size, grade/specification.",False
SAIL,STL5001,EPDM GASKET 50NB,BHEL,BHL1015,Spiral Wound Gasket 100 NB,Gasket,0.3125,0.0,0.4146,0.06840000301599503,LOW CONFIDENCE,"material, size, grade/specification","Semantic=0.312, Attribute=0.000, Lexical=0.415. Potential difference: material, size, grade/specification.",False
NTPC,NTP8801,50 NB EPDM Gasket,ONGC,ONG4402,Spiral Wound Gasket 100 NB Graphite,Gasket,0.3021,0.0,0.411,0.06270000338554382,LOW CONFIDENCE,"material, size, grade/specification","Semantic=0.302, Attribute=0.000, Lexical=0.411. Potential difference: material, size, grade/specification.",False
ONGC,ONG4401,EPDM Rubber Gasket Size 50 NB,NTPC,NTP8802,100 NB Spiral Wound Graphite Gasket,Gasket,0.3021,0.0,0.411,0.06270000338554382,LOW CONFIDENCE,"material, size, grade/specification","Semantic=0.302, Attribute=0.000, Lexical=0.411. Potential difference: material, size, grade/specification.",False
ONGC,ONG4401,EPDM Rubber Gasket Size 50 NB,BHEL,BHL1015,Spiral Wound Gasket 100 NB,Gasket,0.3023,0.0,0.4,0.06120000034570694,LOW CONFIDENCE,"material, size, grade/specification","Semantic=0.302, Attribute=0.000, Lexical=0.400. Potential difference: material, size, grade/specification.",False
NTPC,NTP8801,50 NB EPDM Gasket,BHEL,BHL1015,Spiral Wound Gasket 100 NB,Gasket,0.3023,0.0,0.4,0.06120000034570694,LOW CONFIDENCE,"material, size, grade/specification","Semantic=0.302, Attribute=0.000, Lexical=0.400. Potential difference: material, size, grade/specification.",False
